"beta0","beta1","beta2"
0.00345107075603363,0.00158538465327258,-0.00257481392204138
0.00158538465327258,0.0140661902113544,0.00256547968173714
-0.00257481392204138,0.00256547968173714,0.00896657232382131
