"beta0","beta1","beta2"
0.00501771832708652,0.00148308704282,-0.00243013704032561
0.00148308704282,0.00684583766268519,0.00510148365552268
-0.00243013704032561,0.00510148365552268,0.00777559723522166
