"variable","est_vh","se_vh","est_rr","se_rr","comp_sec_rr","comp_sec_vh"
"beta0",-2.47670501508636,0.0708358548129867,-2.47181729754034,0.0603998360880754,309.044327020645,12989.0281546116
"beta1",-0.903796934985095,0.0827395773658845,-0.909400041983531,0.0748691146734489,309.044327020645,12989.0281546116
"beta2",1.01853827843272,0.0881793469879521,1.0092679555917,0.0781003376366729,309.044327020645,12989.0281546116
