"variable","est_vh","se_vh","est_rr","se_rr","comp_sec_rr","comp_sec_vh"
"beta0",-2.25042556364645,0.0587458147958953,-2.24513700140278,0.0523557945744112,377.444592952728,15266.135727644
"beta1",-0.512033697415833,0.118600970532936,-0.512348326439663,0.101504432768159,377.444592952728,15266.135727644
"beta2",0.889722448810466,0.0946919865871517,0.877801173836542,0.0845079017480494,377.444592952728,15266.135727644
