"B","M","beta0_m","beta1_m","beta2_m","beta0_se_m","beta1_se_m","beta2_se_m"
98,1,-2.41694895756171,-0.956554815559654,0.993372416754922,0.0646827279823998,0.0704899452166693,0.0768805431038294
98,2,-2.41339857878857,-0.958456921810088,0.984320932293011,0.0643783569672077,0.0705708808182958,0.0764714949805141
