"B","M","beta0_m","beta1_m","beta2_m","beta0_se_m","beta1_se_m","beta2_se_m"
4,1,-2.55030083555118,-0.94787658449836,1.00967504631646,0.0560551298848048,0.0809911768120429,0.0877352470895113
4,2,-2.54984576322011,-0.944586688076453,1.01245379599176,0.0560685391527086,0.080804703799483,0.0872626216613068
