"B","M","beta0_m","beta1_m","beta2_m","beta0_se_m","beta1_se_m","beta2_se_m"
34,1,-2.29212396970627,-0.380842197406174,0.934586904642309,0.056214017198541,0.107029087772148,0.0821207576369725
34,2,-2.28896767965616,-0.385276178977558,0.92104725913849,0.0560434686251633,0.107031039567529,0.0814789164199994
