"B","M","beta0_m","beta1_m","beta2_m","beta0_se_m","beta1_se_m","beta2_se_m"
130,1,-2.23106455069466,-0.604856295749882,0.906233985189719,0.045922292131184,0.0944379929749251,0.0834333046543257
130,2,-2.23540329277743,-0.633166574359023,0.897451750909712,0.0462122647911301,0.0946180547787188,0.08291288024644
