"B","M","beta0_m","beta1_m","beta2_m","beta0_se_m","beta1_se_m","beta2_se_m"
10,1,-2.30371995973232,-0.865998939954759,0.892337446240378,0.0586100194195007,0.0729060731321068,0.0726400266357225
10,2,-2.30248612482915,-0.872627293870273,0.883325377350185,0.0584454979891937,0.0734083661773568,0.0721575921424871
