"B","M","beta0_m","beta1_m","beta2_m","beta0_se_m","beta1_se_m","beta2_se_m"
121,1,-2.28843572902997,-0.666862002418078,0.90027328064219,0.0532918037106967,0.0999030404533732,0.0994417508884872
121,2,-2.28638845576673,-0.657134033520454,0.896999375392085,0.0532751929864405,0.0998818247587746,0.0997538928960561
