"B","M","beta0_m","beta1_m","beta2_m","beta0_se_m","beta1_se_m","beta2_se_m"
132,1,-2.23960570157385,-0.414329640500462,0.916414328596474,0.0539000971978759,0.0995198148268858,0.0896545465233452
132,2,-2.2362399315107,-0.412748101583062,0.909397146167559,0.0536115092310317,0.0994439825003655,0.0888241516340318
