"B","M","beta0_m","beta1_m","beta2_m","beta0_se_m","beta1_se_m","beta2_se_m"
157,1,-2.26742539307833,-0.299273896542401,0.940650536322597,0.0513168794682059,0.0899041393286723,0.0816289797487777
157,2,-2.26832628864493,-0.300539893998629,0.938153439608112,0.0512535022561075,0.0909898000187489,0.0814070539620761
