"B","M","beta0_m","beta1_m","beta2_m","beta0_se_m","beta1_se_m","beta2_se_m"
17,1,-2.26756968245691,-0.415877753798855,1.01846462452407,0.0534078888174711,0.103481585610455,0.0806623000357709
17,2,-2.27020981962437,-0.418220192478713,1.02585516390621,0.0534130645212684,0.102781164959387,0.081167201083957
