"B","M","beta0_m","beta1_m","beta2_m","beta0_se_m","beta1_se_m","beta2_se_m"
139,1,-2.45444120421709,-0.86785166997254,0.993277592751435,0.0570681357048196,0.0657493635862431,0.0688519300533382
139,2,-2.45316821979302,-0.871518038495511,0.986559737360439,0.0570716526002967,0.0661936589638927,0.0696080118793612
