"B","M","beta0_m","beta1_m","beta2_m","beta0_se_m","beta1_se_m","beta2_se_m"
100,1,-2.53519851671439,-0.832682785633374,1.11620290688073,0.0610912852265017,0.0731952656996251,0.0877604777835108
100,2,-2.53532541799948,-0.828762614446728,1.12232826823449,0.0604747605068084,0.0729455978326953,0.0872394679915186
