"B","M","beta0_m","beta1_m","beta2_m","beta0_se_m","beta1_se_m","beta2_se_m"
199,1,-2.32802362674066,-0.643342934908233,0.967914809455239,0.05842359999231,0.0961953299746511,0.0885176209091194
199,2,-2.32899387150791,-0.641972554441173,0.967543515198915,0.058513174838352,0.0974446607372012,0.0883029424503546
