"B","M","beta0_m","beta1_m","beta2_m","beta0_se_m","beta1_se_m","beta2_se_m"
47,1,-2.43635530946891,-0.885680812452829,1.01887428376059,0.060513490925409,0.0807763639924526,0.0862065979843769
47,2,-2.43626599334676,-0.886066197561258,1.01815179644156,0.0602810426894766,0.0803172281056758,0.0860873325210911
