"B","M","beta0_m","beta1_m","beta2_m","beta0_se_m","beta1_se_m","beta2_se_m"
12,1,-2.29174187662606,-0.72022712972301,0.742128615353861,0.0537037650323103,0.0873678724983256,0.087795821009523
12,2,-2.28954175167197,-0.721786280977485,0.736417072077876,0.0535664766244434,0.0868996657308868,0.0875223033412581
