"B","M","beta0_m","beta1_m","beta2_m","beta0_se_m","beta1_se_m","beta2_se_m"
122,1,-2.2288191831217,-0.295400411222179,1.01262810726665,0.0521572641575779,0.0999671816916668,0.0790320737477743
122,2,-2.22387961978967,-0.29625120534897,0.995149223951917,0.0519177673954843,0.0993577244644036,0.0789808640082992
