"B","M","beta0_m","beta1_m","beta2_m","beta0_se_m","beta1_se_m","beta2_se_m"
30,1,-2.53728233605049,-0.849042945917682,1.08793485466825,0.0615778849710945,0.0756153963538913,0.0779238316908214
30,2,-2.53329922497468,-0.840194219700673,1.0901401258788,0.0613933647065457,0.0761920414574106,0.0786077119574775
