"B","M","beta0_m","beta1_m","beta2_m","beta0_se_m","beta1_se_m","beta2_se_m"
69,1,-2.54576088674753,-1.00792381805862,0.971424786321773,0.0569633420827783,0.0760383375104292,0.0825403606676969
69,2,-2.54478267098089,-1.01079989024291,0.968885790217496,0.0569348700238163,0.0758198796570307,0.0828170566117701
