"B","M","beta0_m","beta1_m","beta2_m","beta0_se_m","beta1_se_m","beta2_se_m"
22,1,-2.23722138049606,-0.369347050636635,0.828369567483876,0.0523609116691664,0.105398707605041,0.0753504837117365
22,2,-2.23947594329826,-0.365860258603602,0.832980830116496,0.0525000383868176,0.105548018984267,0.0750757227120601
