"B","M","beta0_m","beta1_m","beta2_m","beta0_se_m","beta1_se_m","beta2_se_m"
48,1,-2.43172158077625,-0.91541482141688,0.957518406098029,0.0555079421034446,0.063419084480949,0.0636790283206455
48,2,-2.42814456108295,-0.920264497079738,0.948706160121594,0.0554232196175059,0.0633225992006725,0.0640811865872357
