"B","M","beta0_m","beta1_m","beta2_m","beta0_se_m","beta1_se_m","beta2_se_m"
23,1,-2.22595938693912,-0.589003975845243,0.834451167207933,0.049868282001196,0.0908099880257213,0.082642834818442
23,2,-2.22834889019491,-0.56220139791663,0.861288578078847,0.0498505599392102,0.0902866016105736,0.0829990063524436
