"B","M","beta0_m","beta1_m","beta2_m","beta0_se_m","beta1_se_m","beta2_se_m"
173,1,-2.52750855783337,-0.949931678871526,0.97979206262769,0.0637643428116528,0.0673996017615691,0.0682388662091502
173,2,-2.53184734853283,-0.952341612296094,0.982375236342216,0.064144660194087,0.0674862468455825,0.0677383335524144
