"B","M","beta0_m","beta1_m","beta2_m","beta0_se_m","beta1_se_m","beta2_se_m"
33,1,-2.24167306744993,-0.517729630303153,0.906976774655032,0.0526551433834519,0.101224013051854,0.0831862974474471
33,2,-2.24699100243312,-0.525542567292405,0.915163070811426,0.0528117201078796,0.101890459076752,0.0839619037304393
