"B","M","beta0_m","beta1_m","beta2_m","beta0_se_m","beta1_se_m","beta2_se_m"
75,1,-2.53384423126675,-0.967884374344288,1.00707574727288,0.0648243884338554,0.0728589812203278,0.0779949167102487
75,2,-2.53176360270296,-0.97136239108738,0.999355792702464,0.0648813130811111,0.0732401942577948,0.078012533123171
