"B","M","beta0_m","beta1_m","beta2_m","beta0_se_m","beta1_se_m","beta2_se_m"
124,1,-2.55731771014531,-0.912745992300097,1.04350621410458,0.0594495213070192,0.0778754227443446,0.0857434424600299
124,2,-2.55551563048991,-0.916471222544641,1.03499548232833,0.0591924294519361,0.0781870065447275,0.0851543747388129
