"B","M","beta0_m","beta1_m","beta2_m","beta0_se_m","beta1_se_m","beta2_se_m"
156,1,-2.55713658125313,-0.849078693910386,1.08409298505169,0.0533878459588872,0.0696361577058797,0.0780354199905757
156,2,-2.5535617922403,-0.842613121911232,1.08595219865513,0.0534137166161474,0.0699470458081911,0.0787689157965899
