"B","M","beta0_m","beta1_m","beta2_m","beta0_se_m","beta1_se_m","beta2_se_m"
45,1,-2.25443811967834,-0.422417141215504,0.837713661610076,0.0523669265285319,0.103442936124694,0.0896789483018304
45,2,-2.25533466492449,-0.435110389007031,0.827173257843631,0.0524107730996344,0.103579402689786,0.0897134956022377
