"B","M","beta0_m","beta1_m","beta2_m","beta0_se_m","beta1_se_m","beta2_se_m"
146,1,-2.3605072232834,-0.878301904071385,0.95559833946285,0.0593751797987258,0.0731301064407999,0.0690401381669937
146,2,-2.36117915227126,-0.875357237282703,0.954776235347864,0.0593369796012759,0.0733720529971527,0.0693449593070279
