"B","M","beta0_m","beta1_m","beta2_m","beta0_se_m","beta1_se_m","beta2_se_m"
182,1,-2.58605726874843,-0.859641297674908,1.17675703408105,0.062295665333917,0.0693749088734407,0.0814498795351852
182,2,-2.58708754624371,-0.864177541791899,1.17049254015456,0.0623424601361229,0.0696940153341411,0.0812411439764764
