"B","M","beta0_m","beta1_m","beta2_m","beta0_se_m","beta1_se_m","beta2_se_m"
78,1,-2.24276226608806,-0.580244216767125,0.904609216609744,0.0501157820850669,0.0901456684152975,0.0843860305631742
78,2,-2.23533846172448,-0.562007767949709,0.893840813977669,0.0501233904651565,0.0895076111526222,0.0845583586747743
