"B","M","beta0_m","beta1_m","beta2_m","beta0_se_m","beta1_se_m","beta2_se_m"
106,1,-2.41141135536992,-0.65008350986251,0.96193709291347,0.0584796058965386,0.0919912707667493,0.0973265142214853
106,2,-2.40811852311529,-0.65097148860259,0.952190800779952,0.0582061032248517,0.0928356088439512,0.096842683677503
