"B","M","beta0_m","beta1_m","beta2_m","beta0_se_m","beta1_se_m","beta2_se_m"
179,1,-2.28634729860137,-0.566015358277793,1.02916038826341,0.054694634112033,0.0865110772528129,0.0830043092283992
179,2,-2.2898698984047,-0.571231057164236,1.03174944538694,0.0549651666553381,0.0855964995266936,0.0823230054826099
