"B","M","beta0_m","beta1_m","beta2_m","beta0_se_m","beta1_se_m","beta2_se_m"
103,1,-2.18022242822589,-0.601176493804795,0.737966713324974,0.0498689239762358,0.101847651449048,0.0906753222772754
103,2,-2.17479943340626,-0.584154006760028,0.732681219235472,0.0498166212673457,0.102220094031696,0.0904159632205021
