"B","M","beta0_m","beta1_m","beta2_m","beta0_se_m","beta1_se_m","beta2_se_m"
107,1,-2.46161424743258,-0.94531421268169,1.00828193391933,0.0635689768714632,0.0850686389896864,0.0806478712455046
107,2,-2.46858604458526,-0.950647383847322,1.01243396676165,0.0638333666220079,0.085107927125145,0.0802054461665716
