"B","M","beta0_m","beta1_m","beta2_m","beta0_se_m","beta1_se_m","beta2_se_m"
53,1,-2.50167730562579,-0.974562186297142,0.967263475225414,0.0541345871551534,0.0758301275376948,0.0789744514573796
53,2,-2.50501038735013,-0.984908718715969,0.960749233092342,0.0542940875908655,0.0758757257855072,0.0786315827895001
