"B","M","beta0_m","beta1_m","beta2_m","beta0_se_m","beta1_se_m","beta2_se_m"
135,1,-2.48402440021258,-0.858957837802116,1.0004651301653,0.0615749143649265,0.0699809539555372,0.0737431601190087
135,2,-2.48206368167601,-0.854541335455069,1.00224848706479,0.0615724546676301,0.0701234154221008,0.0735852730525789
