"B","M","beta0_m","beta1_m","beta2_m","beta0_se_m","beta1_se_m","beta2_se_m"
15,1,-2.3072601857954,-0.545689857245719,0.988543073104403,0.0520858193456025,0.104756236372058,0.0957428584193865
15,2,-2.31128496375039,-0.541918548933084,1.00131547143654,0.0522140804395596,0.105617940303809,0.0953433269544589
