"B","M","beta0_m","beta1_m","beta2_m","beta0_se_m","beta1_se_m","beta2_se_m"
102,1,-2.54142738322132,-0.941517586146528,1.02564954843524,0.0583482801864052,0.0719527532814359,0.0767082738167905
102,2,-2.5404483496225,-0.933812632778564,1.02975784104479,0.0583074104875739,0.0730435847644997,0.0778926699286034
