"B","M","beta0_m","beta1_m","beta2_m","beta0_se_m","beta1_se_m","beta2_se_m"
194,1,-2.36038913622136,-0.909570118660823,0.969406171257967,0.0566288769528671,0.0643128378557215,0.0692826287703018
194,2,-2.36329680335846,-0.909281156073245,0.972550429730191,0.0565793164762409,0.0646819006248744,0.0691868989410758
