"B","M","beta0_m","beta1_m","beta2_m","beta0_se_m","beta1_se_m","beta2_se_m"
96,1,-2.25277115034285,-0.388192159686811,0.972540916490205,0.0528872980620243,0.103512201020203,0.0827368570855033
96,2,-2.25360745203762,-0.394134434970747,0.971318575341902,0.0530775947091132,0.102891247192387,0.0843618454330201
