"B","M","beta0_m","beta1_m","beta2_m","beta0_se_m","beta1_se_m","beta2_se_m"
172,1,-2.4379145440544,-1.06924013605461,0.822245450149974,0.0620883174664966,0.0709260435022498,0.0759266997214127
172,2,-2.436851451361,-1.06531211460904,0.825319931247031,0.0617743215982958,0.0708499172937785,0.0760214192062702
