"B","M","beta0_m","beta1_m","beta2_m","beta0_se_m","beta1_se_m","beta2_se_m"
167,1,-2.1346590300334,-0.476519135640847,0.79620515773431,0.0519463343820165,0.115168248357656,0.0852307855208224
167,2,-2.13314080074601,-0.462274023283341,0.803150317734326,0.0519708593974586,0.115305501304365,0.0860172256388757
