"B","M","beta0_m","beta1_m","beta2_m","beta0_se_m","beta1_se_m","beta2_se_m"
108,1,-2.27671537356821,-0.568510705702049,0.833649450361938,0.0539867645329533,0.0919429345405275,0.0881619558251087
108,2,-2.27739511390287,-0.565248676538302,0.839398523117153,0.0541209119547422,0.0931362544559744,0.0881881771081083
