"B","M","beta0_m","beta1_m","beta2_m","beta0_se_m","beta1_se_m","beta2_se_m"
152,1,-2.51821592984476,-0.993275498977433,1.01389448938206,0.059677498724303,0.0703100171626392,0.0760449021503994
152,2,-2.51887228375395,-0.997268771532019,1.01508395011513,0.0595611787097307,0.0703083077403101,0.0759327081500511
