"B","M","beta0_m","beta1_m","beta2_m","beta0_se_m","beta1_se_m","beta2_se_m"
190,1,-2.474980819975,-0.862868480036767,1.02694162430238,0.0658183881727317,0.0840937947829124,0.0787673810130659
190,2,-2.4750129267084,-0.862610147260636,1.02715173514497,0.0657970688713051,0.0844661939832535,0.0787023993170206
