"B","M","beta0_m","beta1_m","beta2_m","beta0_se_m","beta1_se_m","beta2_se_m"
44,1,-2.3670612021168,-0.835076029231876,0.995748594692013,0.0577394036553544,0.0779630189512692,0.0809573660420833
44,2,-2.36610233894414,-0.83825804785752,0.993253822440863,0.0577546148030562,0.0778547753632367,0.0809097959722122
