"B","M","beta0_m","beta1_m","beta2_m","beta0_se_m","beta1_se_m","beta2_se_m"
153,1,-2.51727115209212,-0.822292004020834,1.1689923329949,0.0567778524062054,0.0713436588538443,0.0821543981547144
153,2,-2.51591678506337,-0.816806488740839,1.17264866958361,0.0565440224689609,0.0715722250648223,0.0825326764783266
