"B","M","beta0_m","beta1_m","beta2_m","beta0_se_m","beta1_se_m","beta2_se_m"
142,1,-2.43731813440679,-1.06031050273633,0.910977105337497,0.0641158234756145,0.0707152958623219,0.0705930239336076
142,2,-2.43739962607562,-1.06547354009882,0.905419152981116,0.0639884968502304,0.0709552160859571,0.0706874544661489
