"B","M","beta0_m","beta1_m","beta2_m","beta0_se_m","beta1_se_m","beta2_se_m"
93,1,-2.46459406642896,-0.922825858934825,1.01025245309034,0.0613580829706929,0.0654537932657503,0.0723400870775544
93,2,-2.4640887182591,-0.92073911342974,1.0115599845517,0.0612877023848742,0.0657954318631726,0.0725237466854891
