"B","M","beta0_m","beta1_m","beta2_m","beta0_se_m","beta1_se_m","beta2_se_m"
186,1,-2.16856070989241,-0.537514604174013,0.884139968291762,0.0457926305907087,0.0900431112007995,0.071765330902947
186,2,-2.16615721891671,-0.522419396963132,0.88810829535844,0.0456294277687565,0.0887604323169837,0.0714155380950081
