"B","M","beta0_m","beta1_m","beta2_m","beta0_se_m","beta1_se_m","beta2_se_m"
127,1,-2.46006589233304,-0.898904160555727,0.976132038454401,0.0629666589092212,0.0688745177527519,0.0744120017952554
127,2,-2.4579641813758,-0.895489921654626,0.977207544276683,0.0632100330669912,0.0693460289498908,0.0746211020012662
