"B","M","beta0_m","beta1_m","beta2_m","beta0_se_m","beta1_se_m","beta2_se_m"
143,1,-2.56502896408979,-1.02071732600556,0.961854617569202,0.0647961425602068,0.0706477741329575,0.0757905527320042
143,2,-2.56725838893362,-1.02492353399375,0.963325229635192,0.0647967717546929,0.0701888751200817,0.0749038942906977
