"B","M","beta0_m","beta1_m","beta2_m","beta0_se_m","beta1_se_m","beta2_se_m"
192,1,-2.16809321403181,-0.431839366740061,0.830020421076967,0.0468914696817803,0.0958009741960007,0.0741693828699897
192,2,-2.16893372953419,-0.41719353299776,0.839529554200062,0.0469449647069433,0.0980341509778289,0.074749630559578
