"B","M","beta0_m","beta1_m","beta2_m","beta0_se_m","beta1_se_m","beta2_se_m"
92,1,-2.25402329858957,-0.520676296572213,0.88958686031864,0.0521300453331671,0.0929077424854627,0.0801662906814136
92,2,-2.24940298141751,-0.526767309724878,0.875170051315682,0.0523304220217612,0.0932709014093769,0.081413884341028
