"B","M","beta0_m","beta1_m","beta2_m","beta0_se_m","beta1_se_m","beta2_se_m"
19,1,-2.32979930440457,-0.587452474874012,1.03341181483578,0.0531357624195731,0.104209812842122,0.0828296037778278
19,2,-2.3329767078107,-0.59077079711464,1.0336576806104,0.0533199400491667,0.106930193170881,0.0823289418889523
