"B","M","beta0_m","beta1_m","beta2_m","beta0_se_m","beta1_se_m","beta2_se_m"
126,1,-2.33541364113094,-0.496955756300598,1.09414132733249,0.0581558146104718,0.0975256887990034,0.0853978782304438
126,2,-2.33642536564836,-0.50373938738948,1.09400724221299,0.0584150296222937,0.0984441508419682,0.086334602773967
