"B","M","beta0_m","beta1_m","beta2_m","beta0_se_m","beta1_se_m","beta2_se_m"
21,1,-2.47797067117104,-0.767962523228305,1.13982603553722,0.0638958229985812,0.0768580088779817,0.0849123542940792
21,2,-2.47524956498011,-0.767193894622562,1.13629352636059,0.0635367817634819,0.0771374096298843,0.0849651943039546
