"B","M","beta0_m","beta1_m","beta2_m","beta0_se_m","beta1_se_m","beta2_se_m"
119,1,-2.4160619773353,-0.983581536372317,0.929462224169652,0.0581524837053177,0.061309687568103,0.0636440265916818
119,2,-2.41595508014565,-0.987274633169038,0.926130920074807,0.0582501341081426,0.0610412655351369,0.0634372514086553
