"B","M","beta0_m","beta1_m","beta2_m","beta0_se_m","beta1_se_m","beta2_se_m"
81,1,-2.1512628186205,-0.431175577323174,0.782102927734739,0.0485068126897477,0.0991278332836511,0.0763865827063614
81,2,-2.14827795715254,-0.419698794439332,0.778031195265774,0.0483628779543897,0.099023605600284,0.075922828834969
