"B","M","beta0_m","beta1_m","beta2_m","beta0_se_m","beta1_se_m","beta2_se_m"
61,1,-2.21156457952896,-0.313839976017882,0.914075203959276,0.0497498472028689,0.0994605557956111,0.086544237564247
61,2,-2.21243241345177,-0.311702456885872,0.91775018914085,0.0496436975873594,0.0984537656631913,0.0869286132868804
