"B","M","beta0_m","beta1_m","beta2_m","beta0_se_m","beta1_se_m","beta2_se_m"
161,1,-2.29357049221919,-0.617325990470374,0.91360683484007,0.0519164510635878,0.102107053088915,0.0901166512386644
161,2,-2.29139597999629,-0.615378225103278,0.911411833716339,0.0516554725479953,0.102644827260318,0.0908999633013221
