"B","M","beta0_m","beta1_m","beta2_m","beta0_se_m","beta1_se_m","beta2_se_m"
112,1,-2.37441428920629,-0.700707687211919,1.10037144027414,0.0559421953477408,0.0772792849183748,0.0884758604486222
112,2,-2.37644346613233,-0.699268794429323,1.10616188995217,0.0558324334360261,0.0780823780141681,0.0881712752226532
