"B","M","beta0_m","beta1_m","beta2_m","beta0_se_m","beta1_se_m","beta2_se_m"
55,1,-2.54401675000838,-0.885166469080547,1.02201727854974,0.0603306809525903,0.0639704219410814,0.066383450189768
55,2,-2.54550082989842,-0.88869513287836,1.02175846446649,0.0600572423829452,0.0636228130868311,0.0656645402819306
