"B","M","beta0_m","beta1_m","beta2_m","beta0_se_m","beta1_se_m","beta2_se_m"
187,1,-2.16407650694203,-0.483184600954038,0.892530801700464,0.049312878328234,0.0994996711675427,0.0863223400921421
187,2,-2.16426242070068,-0.480670790675492,0.890630869007391,0.0493007793101858,0.0986058098549847,0.085805893520008
