"B","M","beta0_m","beta1_m","beta2_m","beta0_se_m","beta1_se_m","beta2_se_m"
29,1,-2.48300380468599,-0.885471252421568,1.01518568558418,0.0629876720040939,0.0783174028312683,0.0744509122148802
29,2,-2.48351720627525,-0.881856808544949,1.02013279488713,0.0627338463102896,0.0788223302705472,0.0747842357600313
