"B","M","beta0_m","beta1_m","beta2_m","beta0_se_m","beta1_se_m","beta2_se_m"
27,1,-2.27500515115988,-0.725891050508325,0.811175957041375,0.0539811533157875,0.0979656437695095,0.0889922897062551
27,2,-2.27214135222034,-0.723302679988325,0.803209046129939,0.0535635352818774,0.0965821436405866,0.0889686458117208
