"B","M","beta0_m","beta1_m","beta2_m","beta0_se_m","beta1_se_m","beta2_se_m"
30,1,-2.27311128559256,-0.454434108269301,0.942338578600959,0.0553132374742594,0.0908103942489053,0.0800606080706375
30,2,-2.27135676560273,-0.440546417362056,0.945202128931968,0.0551497257412492,0.0904175365688147,0.0804056214462524
