"B","M","beta0_m","beta1_m","beta2_m","beta0_se_m","beta1_se_m","beta2_se_m"
169,1,-2.42428642811871,-0.950410593570792,0.895788239892489,0.0585900175991583,0.0647111434318267,0.0711048562560339
169,2,-2.42293375160681,-0.948344403369498,0.895939997192871,0.0589051594179955,0.0643794990868311,0.0707559866579426
