"B","M","beta0_m","beta1_m","beta2_m","beta0_se_m","beta1_se_m","beta2_se_m"
87,1,-2.27043572541486,-0.704983534023487,0.907622733050494,0.053555938986715,0.101179475172278,0.0929587101325704
87,2,-2.26963067011176,-0.689816599126879,0.918343776240436,0.0536293240432999,0.1006464918365,0.0940615622171913
