"B","M","beta0_m","beta1_m","beta2_m","beta0_se_m","beta1_se_m","beta2_se_m"
53,1,-2.27846362244907,-0.551118778919372,0.823833446006111,0.0488702718098583,0.103381681183718,0.0850932716132379
53,2,-2.28164944665027,-0.567945261181364,0.820633858028968,0.0488876451014435,0.103919808845249,0.0850551537945651
