"B","M","beta0_m","beta1_m","beta2_m","beta0_se_m","beta1_se_m","beta2_se_m"
9,1,-2.30003804220125,-0.415643409094773,0.920300004969148,0.0501513196748707,0.095667982932378,0.0815553660667346
9,2,-2.30078131029506,-0.40499563574656,0.928183795892143,0.0501982772691939,0.0959711077158668,0.0819595388880124
