"B","M","beta0_m","beta1_m","beta2_m","beta0_se_m","beta1_se_m","beta2_se_m"
38,1,-2.23267836630321,-0.284781645175296,1.09213849103492,0.052992940815929,0.101920530805287,0.0714329387991448
38,2,-2.23099237486478,-0.289776286967924,1.08800176725496,0.0532122369608881,0.101905791394855,0.0723290165250985
