"B","M","beta0_m","beta1_m","beta2_m","beta0_se_m","beta1_se_m","beta2_se_m"
82,1,-2.41992592151892,-1.00125091205309,0.806130450950045,0.0565466271083192,0.0816064373165242,0.0791544989471892
82,2,-2.42205467702116,-1.0038400932685,0.808898654100427,0.0565694494212421,0.0816011775417478,0.07915244940515
