"B","M","beta0_m","beta1_m","beta2_m","beta0_se_m","beta1_se_m","beta2_se_m"
3,1,-2.32499881488645,-0.673381829637742,0.844848586158964,0.0547834225001092,0.0998570733022226,0.09010686348229
3,2,-2.32177564134631,-0.670807870027194,0.836274064852597,0.0549047673420609,0.100638117362569,0.0899952130155833
