"B","M","beta0_m","beta1_m","beta2_m","beta0_se_m","beta1_se_m","beta2_se_m"
198,1,-2.3003903958353,-0.478166406519109,0.964638402874499,0.0549556811389409,0.0942456790552791,0.08816860573639
198,2,-2.29770890655336,-0.471182374612743,0.962385900665518,0.0548343152918611,0.0940812787867337,0.087611571988768
