"B","M","beta0_m","beta1_m","beta2_m","beta0_se_m","beta1_se_m","beta2_se_m"
158,1,-2.48844818434653,-1.06325002843166,0.920167221703262,0.0681240923448655,0.0820685695271493,0.0771636677123359
158,2,-2.48485662596158,-1.06377838648076,0.913759211789656,0.0677831754053977,0.0823032243476187,0.0779530724281799
