"B","M","beta0_m","beta1_m","beta2_m","beta0_se_m","beta1_se_m","beta2_se_m"
60,1,-2.53562967704892,-0.964300249868162,0.998472117561206,0.0611255694429116,0.0830602954851201,0.0928252733942624
60,2,-2.53288889045076,-0.961623124345966,0.996707193860625,0.0611853119101504,0.0836593244263063,0.0934772016380536
