"B","M","beta0_m","beta1_m","beta2_m","beta0_se_m","beta1_se_m","beta2_se_m"
65,1,-2.25680458017174,-0.766668620599311,0.845140502269157,0.0483860198520199,0.0765978379143965,0.0675651332422334
65,2,-2.25624640259001,-0.762244883420619,0.843724219856353,0.0485545891648914,0.0758243285023626,0.0676242975047741
