"B","M","beta0_m","beta1_m","beta2_m","beta0_se_m","beta1_se_m","beta2_se_m"
76,1,-2.18044474343092,-0.490647175218333,0.879037528504015,0.0499864842408729,0.100540348186359,0.0802612044735648
76,2,-2.17994884442429,-0.484674006690969,0.872374592240905,0.0499689627426454,0.100997719315663,0.0811363885351962
