"B","M","beta0_m","beta1_m","beta2_m","beta0_se_m","beta1_se_m","beta2_se_m"
93,1,-2.23892180797087,-0.646073421598311,0.850179884314203,0.0517446025502883,0.0981794191719067,0.0800588271509719
93,2,-2.23844695146739,-0.643056196227257,0.851098625405728,0.0515808120361464,0.0981570931759921,0.0804155827116277
