"B","M","beta0_m","beta1_m","beta2_m","beta0_se_m","beta1_se_m","beta2_se_m"
43,1,-2.50869855582363,-0.929992829750637,1.01541265176495,0.0591862332135966,0.0765207247124999,0.0800382165326021
43,2,-2.50730146868098,-0.93164282880427,1.01412089587308,0.0592689514409826,0.0764515082439992,0.0798092556212306
