"B","M","beta0_m","beta1_m","beta2_m","beta0_se_m","beta1_se_m","beta2_se_m"
184,1,-2.49587256497944,-1.00691801508369,0.879062720990704,0.0579515274649795,0.0688107579050923,0.0666195596932571
184,2,-2.49534252513382,-1.00777347539763,0.88010558755882,0.0580983987738,0.0686121342523561,0.0665044057082732
