"B","M","beta0_m","beta1_m","beta2_m","beta0_se_m","beta1_se_m","beta2_se_m"
37,1,-2.14009096850109,-0.482536986748656,0.704230565262033,0.0482255262266453,0.11162149219592,0.0850772095213586
37,2,-2.1417523943259,-0.483859447770432,0.708487411262884,0.0482353008209366,0.11095113486443,0.084794584044026
