"B","M","beta0_m","beta1_m","beta2_m","beta0_se_m","beta1_se_m","beta2_se_m"
24,1,-2.38896926160125,-1.01605052385822,0.866643856437078,0.0521212818603442,0.0736633485032382,0.0795190123170883
24,2,-2.38908343617968,-1.01657195752542,0.866650221853757,0.0525974382798859,0.0733849915129397,0.079757290713746
