"B","M","beta0_m","beta1_m","beta2_m","beta0_se_m","beta1_se_m","beta2_se_m"
136,1,-2.27375057362966,-0.668601893559203,0.909244211130141,0.0533939818903708,0.0912454577027131,0.078323451433764
136,2,-2.27715183232922,-0.674333919142052,0.915715496958965,0.0533231203663939,0.0900454875987289,0.0779295522225199
