"B","M","beta0_m","beta1_m","beta2_m","beta0_se_m","beta1_se_m","beta2_se_m"
59,1,-2.44558587271373,-0.957275037456293,0.98198355853114,0.0583159729183687,0.0639583241722932,0.062578791802448
59,2,-2.44729885786091,-0.960517004678059,0.980577903696993,0.0582655615669847,0.0641440317445502,0.0623895807623339
