"B","M","beta0_m","beta1_m","beta2_m","beta0_se_m","beta1_se_m","beta2_se_m"
84,1,-2.17971088867645,-0.541069213159411,0.951733650809853,0.0485832736999819,0.0995484549988186,0.0798553044181297
84,2,-2.18150600003788,-0.537366647122071,0.963101227977874,0.0486924897864816,0.0985393424906531,0.0795733492643753
