"B","M","beta0_m","beta1_m","beta2_m","beta0_se_m","beta1_se_m","beta2_se_m"
16,1,-2.18226232577278,-0.524763544940509,0.837274659290309,0.0490069497786183,0.106487443987414,0.0810024798915287
16,2,-2.17996538888779,-0.53379246815706,0.819829577949383,0.0489811829397771,0.106335201700037,0.0808211425072439
