"B","M","beta0_m","beta1_m","beta2_m","beta0_se_m","beta1_se_m","beta2_se_m"
88,1,-2.49349709958175,-0.916985483533203,1.04862506598481,0.0624820554788689,0.0768386278740187,0.0764236717213372
88,2,-2.49651628398072,-0.914525324716252,1.05418538781635,0.0625842193133289,0.0765544624586313,0.0754780254358867
