"B","M","beta0_m","beta1_m","beta2_m","beta0_se_m","beta1_se_m","beta2_se_m"
170,1,-2.54317272419399,-0.944503667043037,0.996173048574321,0.0601435097392616,0.0658295216577099,0.0698002779665724
170,2,-2.54427976264925,-0.95158359208257,0.989473331718279,0.0602428865792547,0.0665958578704523,0.069687188438461
