"B","M","beta0_m","beta1_m","beta2_m","beta0_se_m","beta1_se_m","beta2_se_m"
44,1,-2.20455614957075,-0.503560731009609,0.841185088575599,0.0507968185062017,0.0978095775821918,0.0807660891019334
44,2,-2.20405227354791,-0.508724265600781,0.839003071758555,0.0508198145170415,0.0971097575838913,0.0804502052326217
