"B","M","beta0_m","beta1_m","beta2_m","beta0_se_m","beta1_se_m","beta2_se_m"
155,1,-2.46349465564353,-0.874984375630267,1.08630765886065,0.0553402179861626,0.0735297127002042,0.0725476288567722
155,2,-2.46399450372631,-0.881900378019962,1.0821134262754,0.0556452416923931,0.0741483615911676,0.0731341497445282
