"B","M","beta0_m","beta1_m","beta2_m","beta0_se_m","beta1_se_m","beta2_se_m"
58,1,-2.3299537597555,-0.712094332273323,1.14849198589155,0.0590924487181752,0.0705300859861999,0.0743366001893269
58,2,-2.33232778287712,-0.709205949036088,1.15522665385604,0.0592989471716496,0.0698510348915732,0.0743817468979748
