"B","M","beta0_m","beta1_m","beta2_m","beta0_se_m","beta1_se_m","beta2_se_m"
55,1,-2.35014536472744,-0.556269089756185,0.8877677856336,0.0567252008288717,0.0952952879258009,0.0834968927392188
55,2,-2.34985104598105,-0.564417952484801,0.883289158164866,0.0563042928823069,0.0954924613305896,0.0825911483274839
