"B","M","beta0_m","beta1_m","beta2_m","beta0_se_m","beta1_se_m","beta2_se_m"
148,1,-2.28244814746489,-0.403767525611541,1.08899254325448,0.0556889980979361,0.112161027035013,0.0718079811739148
148,2,-2.28270647428419,-0.409528536352901,1.08733565430945,0.0555574527369557,0.112575391770392,0.0708729165480595
