"B","M","beta0_m","beta1_m","beta2_m","beta0_se_m","beta1_se_m","beta2_se_m"
153,1,-2.2998566324855,-0.543052644528719,1.05127571749767,0.0539503003239062,0.0844532281783727,0.0909871916270383
153,2,-2.29516012125851,-0.523323504914636,1.05375251228817,0.0536156082976982,0.0849425315355277,0.0907237475012644
