"B","M","beta0_m","beta1_m","beta2_m","beta0_se_m","beta1_se_m","beta2_se_m"
13,1,-2.48497387377574,-0.96006695526184,0.953035548697322,0.0603870207101123,0.0791544247691322,0.0820365148332094
13,2,-2.48332051063189,-0.954310315720766,0.958075805290482,0.0602417669684837,0.0791446263093716,0.08179512412957
