"B","M","beta0_m","beta1_m","beta2_m","beta0_se_m","beta1_se_m","beta2_se_m"
61,1,-2.40740762600808,-0.81983128489244,1.01024180011182,0.0519694462077904,0.082613432486485,0.0818800236914405
61,2,-2.40626580529422,-0.814737764038365,1.0117664693963,0.0516067362926986,0.0826590387134824,0.0819192138763796
