"B","M","beta0_m","beta1_m","beta2_m","beta0_se_m","beta1_se_m","beta2_se_m"
159,1,-2.32846104252102,-0.603075585086843,0.903525426698021,0.054995078746193,0.113032118411145,0.0881784909534507
159,2,-2.32813615401516,-0.610506448217147,0.892999109625053,0.0548932950378089,0.11290335380422,0.0877877812020077
