"B","M","beta0_m","beta1_m","beta2_m","beta0_se_m","beta1_se_m","beta2_se_m"
49,1,-2.52746802506862,-0.903600071085906,1.01739377690557,0.0595612448025852,0.0761894839596243,0.0849749571511827
49,2,-2.52835885887258,-0.907950560451043,1.01567501486988,0.0596398271018736,0.0760397386719811,0.0851420414242614
