"B","M","beta0_m","beta1_m","beta2_m","beta0_se_m","beta1_se_m","beta2_se_m"
144,1,-2.46161564659892,-0.849420362512866,1.07367586201975,0.0630710277696623,0.074077520082203,0.0889654630277854
144,2,-2.46477710484584,-0.845846823844556,1.08117130726965,0.0632273125897558,0.074058484660205,0.0890770416267734
