"B","M","beta0_m","beta1_m","beta2_m","beta0_se_m","beta1_se_m","beta2_se_m"
85,1,-2.19198918482917,-0.333834658204331,0.860671481037485,0.0516053273461665,0.0861699051369875,0.0807497338193986
85,2,-2.19269253948637,-0.339966338949423,0.857210687356896,0.0515387016044417,0.0875154053744387,0.079670153988491
