"B","M","beta0_m","beta1_m","beta2_m","beta0_se_m","beta1_se_m","beta2_se_m"
28,1,-2.20978312400334,-0.242124620319712,0.950636574396298,0.0521039044156603,0.0923999263245322,0.0740654829519772
28,2,-2.20762721448961,-0.24822000643493,0.94486973527714,0.0520469921501937,0.0919260115670033,0.0746280769153736
