"B","M","beta0_m","beta1_m","beta2_m","beta0_se_m","beta1_se_m","beta2_se_m"
25,1,-2.50906677023954,-0.763822178474653,1.11953404060828,0.0600628559438171,0.0837284858708906,0.0903721384158853
25,2,-2.50957715083724,-0.761813738144922,1.1164087693549,0.0603168982737461,0.0840682012475838,0.0905625462844366
