"B","M","beta0_m","beta1_m","beta2_m","beta0_se_m","beta1_se_m","beta2_se_m"
178,1,-2.38393407657838,-0.967069043337043,0.89391634774862,0.0599655272833126,0.0705817770246232,0.0718854468179268
178,2,-2.3837279594393,-0.970208992142107,0.894070861669169,0.0601643954636366,0.0703234559295303,0.0726692469396756
