"B","M","beta0_m","beta1_m","beta2_m","beta0_se_m","beta1_se_m","beta2_se_m"
83,1,-2.17167574103169,-0.382015632576924,0.823461634702702,0.047099110539561,0.0889664777671479,0.0765146193115134
83,2,-2.16975510978745,-0.371514459934007,0.828452939629239,0.0470737352689072,0.0893868881884122,0.0777807028805162
