"B","M","beta0_m","beta1_m","beta2_m","beta0_se_m","beta1_se_m","beta2_se_m"
134,1,-2.35838685077225,-0.754309980661602,0.965790292467916,0.0568141996883854,0.0941324354944331,0.0847385519023468
134,2,-2.35212088676391,-0.738977786907281,0.965334440760776,0.0566554323678261,0.0947054878706795,0.0847956615032499
