"B","M","beta0_m","beta1_m","beta2_m","beta0_se_m","beta1_se_m","beta2_se_m"
182,1,-2.27207162441086,-0.50565883733379,0.909580669543674,0.0499741831166777,0.0871848866771473,0.0834723833867213
182,2,-2.27252299664908,-0.503226994202172,0.904721633825174,0.0500935965462242,0.087421370500942,0.0827950956320241
