"B","M","beta0_m","beta1_m","beta2_m","beta0_se_m","beta1_se_m","beta2_se_m"
142,1,-2.22178867714733,-0.650434867320024,0.958485525924206,0.0555504854701327,0.115454799623333,0.0774495831829551
142,2,-2.22063927194268,-0.663063355306238,0.946687166154019,0.0555226443006225,0.114998568631263,0.0778893099646908
