"B","M","beta0_m","beta1_m","beta2_m","beta0_se_m","beta1_se_m","beta2_se_m"
19,1,-2.53162317139902,-0.990494232737226,1.0221295935846,0.0636836026019337,0.0766608981864399,0.0823626436569475
19,2,-2.53448485259235,-0.992534617298133,1.02006647187366,0.0635304330985205,0.0775334018185615,0.0814140337400147
