"B","M","beta0_m","beta1_m","beta2_m","beta0_se_m","beta1_se_m","beta2_se_m"
181,1,-2.24565510240747,-0.396027795024395,0.837682699239061,0.0552585276432148,0.115035988852847,0.079171235345912
181,2,-2.24670209487817,-0.410734723008124,0.831853085575503,0.0555991135110191,0.114056890404662,0.0801539767444382
