"B","M","beta0_m","beta1_m","beta2_m","beta0_se_m","beta1_se_m","beta2_se_m"
136,1,-2.45538570353567,-1.01231663963532,0.931563943038784,0.0648495266661664,0.0785820696252606,0.0748189291810347
136,2,-2.45763334275714,-1.01364062651055,0.931925952267934,0.0650128693243891,0.0778758948582262,0.0738781482300214
