"B","M","beta0_m","beta1_m","beta2_m","beta0_se_m","beta1_se_m","beta2_se_m"
124,1,-2.32445904790958,-0.369700771839922,0.882382814774102,0.0529106258282269,0.11212961840739,0.0946356254584286
124,2,-2.32019083955004,-0.356911059996116,0.870929193869253,0.052520666478914,0.113248151843363,0.0940172060848952
