"B","M","beta0_m","beta1_m","beta2_m","beta0_se_m","beta1_se_m","beta2_se_m"
172,1,-2.24781997551995,-0.601786754083739,0.712748614357943,0.0516450600241566,0.107722439738651,0.083197030699179
172,2,-2.24904101009382,-0.595914825066588,0.723459161074857,0.0514079829525511,0.107389510054211,0.082610664250399
