"B","M","beta0_m","beta1_m","beta2_m","beta0_se_m","beta1_se_m","beta2_se_m"
166,1,-2.49367991341438,-0.793082583716143,1.09928234265338,0.0605984173536969,0.0663791487033032,0.0748742501841066
166,2,-2.49235635161347,-0.799462080844681,1.0899899141359,0.0603721419188533,0.0664656955910653,0.0752333493578713
