"B","M","beta0_m","beta1_m","beta2_m","beta0_se_m","beta1_se_m","beta2_se_m"
25,1,-2.18068096890955,-0.284829543456947,0.865742545750994,0.0506373687529049,0.0971043737490771,0.0950607449278395
25,2,-2.18210924427071,-0.303141519497299,0.852140176794706,0.050710519604867,0.0976233542507099,0.0948666315470711
