"B","M","beta0_m","beta1_m","beta2_m","beta0_se_m","beta1_se_m","beta2_se_m"
73,1,-2.15530729508119,-0.639118003538174,0.871824377441326,0.0498280461610938,0.0951132275711303,0.0754543999803918
73,2,-2.15382520795333,-0.643495790952376,0.864647771817516,0.0499471452731605,0.0951981307939591,0.0760502391852796
