"B","M","beta0_m","beta1_m","beta2_m","beta0_se_m","beta1_se_m","beta2_se_m"
50,1,-2.49355315174892,-0.95757332929794,0.979821066763981,0.0632052677612459,0.0682983087354708,0.0731051643533947
50,2,-2.49826178955126,-0.962626599178249,0.979983167027765,0.0628115599688807,0.0680628922690027,0.0727601503063325
