"B","M","beta0_m","beta1_m","beta2_m","beta0_se_m","beta1_se_m","beta2_se_m"
157,1,-2.4624695385006,-0.741839801570614,1.11778541974267,0.0556325566605303,0.0665659050565049,0.070594755946522
157,2,-2.46068263632673,-0.745621806727058,1.10902421335778,0.0555737346458167,0.0669998006431598,0.0704199603528382
