"B","M","beta0_m","beta1_m","beta2_m","beta0_se_m","beta1_se_m","beta2_se_m"
78,1,-2.46297637944465,-0.816844732625083,1.07134589991,0.0550369175906172,0.0727582267548945,0.082596622246436
78,2,-2.45628963212142,-0.815655207595265,1.06293728557255,0.0548282357900095,0.0729662501374225,0.0820490159186882
