"B","M","beta0_m","beta1_m","beta2_m","beta0_se_m","beta1_se_m","beta2_se_m"
58,1,-2.14184700447127,-0.334222659466118,1.02022422713998,0.047673407630955,0.0902172382344776,0.0782640222057382
58,2,-2.1435336856517,-0.328982756635627,1.02978652961757,0.0476327536998277,0.0892334150298626,0.0785535545894737
