"B","M","beta0_m","beta1_m","beta2_m","beta0_se_m","beta1_se_m","beta2_se_m"
138,1,-2.52642597189814,-0.88647743128143,1.03155305981239,0.0606699989384821,0.0731846434927487,0.0815063684960222
138,2,-2.52372417967127,-0.879641214810879,1.03313566272772,0.0606798106973959,0.0734066831961667,0.081791770757387
