"B","M","beta0_m","beta1_m","beta2_m","beta0_se_m","beta1_se_m","beta2_se_m"
137,1,-2.45590427158679,-0.939285969420187,0.956034644043443,0.0590638282723982,0.0759568185423787,0.0757253606002218
137,2,-2.45311171223143,-0.9359838788601,0.957172571932917,0.0589748248119416,0.0760967439231097,0.0758093481017061
