"B","M","beta0_m","beta1_m","beta2_m","beta0_se_m","beta1_se_m","beta2_se_m"
26,1,-2.36330561674455,-0.811750666823252,1.01752743907729,0.0597474548231146,0.0830256219610746,0.0824976233479182
26,2,-2.36395925575844,-0.814843447394214,1.01667189069596,0.0593312849746741,0.0832640674628428,0.0823629954749334
