"B","M","beta0_m","beta1_m","beta2_m","beta0_se_m","beta1_se_m","beta2_se_m"
129,1,-2.19185877186444,-0.554140698017973,0.703496128732876,0.0470871512283806,0.101459208700353,0.0905483400232244
129,2,-2.19292206010893,-0.55371801685361,0.709338201607155,0.0470613313771697,0.102017603530856,0.0916670892452529
