"B","M","beta0_m","beta1_m","beta2_m","beta0_se_m","beta1_se_m","beta2_se_m"
54,1,-2.56362809203932,-0.951265845529184,1.03164192407943,0.058863605554298,0.0844774518796214,0.0922326824874941
54,2,-2.56181420940498,-0.958968472216045,1.02016491811764,0.0586005286078503,0.0855256341223306,0.0926417329996051
