"B","M","beta0_m","beta1_m","beta2_m","beta0_se_m","beta1_se_m","beta2_se_m"
15,1,-2.53667521406009,-0.934949404479035,1.0928260582245,0.0630238297874464,0.0746602729952763,0.0908489019254534
15,2,-2.54145740887236,-0.934694581641827,1.09867814786482,0.0631597133025782,0.07476822915954,0.0907333856804712
