"B","M","beta0_m","beta1_m","beta2_m","beta0_se_m","beta1_se_m","beta2_se_m"
115,1,-2.30204602581037,-0.583941544172318,0.934958127574848,0.0566305466894105,0.113818198436755,0.0880997894869212
115,2,-2.30380696725091,-0.572932189835455,0.947130812677023,0.0566527833376221,0.113676913768233,0.0878670875280018
