"B","M","beta0_m","beta1_m","beta2_m","beta0_se_m","beta1_se_m","beta2_se_m"
131,1,-2.45795560512234,-0.992445170801579,0.914551812179237,0.0557110780108065,0.0750424886059839,0.0740301460430608
131,2,-2.45798357457178,-0.99219414167036,0.914898108246671,0.0555107994923392,0.0746408995664807,0.0735871634003556
