"B","M","beta0_m","beta1_m","beta2_m","beta0_se_m","beta1_se_m","beta2_se_m"
8,1,-2.65948433619494,-0.82914006369148,1.29478076409183,0.0610639873081044,0.0633114500031779,0.0717102498232037
8,2,-2.65730296977012,-0.825686337417549,1.29045330720245,0.0609138129673392,0.0637522713910051,0.0723024185321334
