"B","M","beta0_m","beta1_m","beta2_m","beta0_se_m","beta1_se_m","beta2_se_m"
98,1,-2.17439539144994,-0.733121874075648,0.793122138222061,0.0517725773753602,0.0946366331661825,0.0846191752618402
98,2,-2.17437911312049,-0.741447018521941,0.784106350580803,0.0516332296767531,0.0938557389253829,0.0841893957186056
