"B","M","beta0_m","beta1_m","beta2_m","beta0_se_m","beta1_se_m","beta2_se_m"
100,1,-2.25378079248926,-0.440509494361559,0.996397934828659,0.0530518532655042,0.0873406055830724,0.0833706177024752
100,2,-2.25126465882641,-0.432121645623366,0.99840482622432,0.0526338332844511,0.0878508783621228,0.0832635559034724
