"B","M","beta0_m","beta1_m","beta2_m","beta0_se_m","beta1_se_m","beta2_se_m"
165,1,-2.21139519211402,-0.323137273148182,0.91062600607314,0.0534221537051072,0.089568200480515,0.0861099488926193
165,2,-2.20974905757514,-0.331491635024165,0.899708895103119,0.0533573128237126,0.0886194333433331,0.086058521344945
