"B","M","beta0_m","beta1_m","beta2_m","beta0_se_m","beta1_se_m","beta2_se_m"
90,1,-2.5730238062404,-0.987781317128187,1.04735819610897,0.0585804211701236,0.0701510935416561,0.0832384956524274
90,2,-2.56995392848731,-0.989113670815423,1.04376308392047,0.0583260973225752,0.0698200307742979,0.0823974926566193
