"B","M","beta0_m","beta1_m","beta2_m","beta0_se_m","beta1_se_m","beta2_se_m"
39,1,-2.12175927812026,-0.626305437053551,0.613334371964207,0.0476396550488753,0.108159668397244,0.0847017488353299
39,2,-2.11791516510558,-0.60024096721755,0.621500804858862,0.0473211428784518,0.108190923607281,0.0846161440141232
