"B","M","beta0_m","beta1_m","beta2_m","beta0_se_m","beta1_se_m","beta2_se_m"
76,1,-2.40749638450932,-0.885843226693613,0.956493197643721,0.0600151548432866,0.0853169708720781,0.0817142808811482
76,2,-2.40761729180588,-0.880655773630416,0.958101229385305,0.0601011988237402,0.0855245347106255,0.0826354366365978
