"B","M","beta0_m","beta1_m","beta2_m","beta0_se_m","beta1_se_m","beta2_se_m"
11,1,-2.3513137844081,-0.883246248531144,0.929788521986698,0.0561573360438497,0.070325721133029,0.0660370913022366
11,2,-2.35186238534837,-0.889599071434668,0.925808653098577,0.0562154531846022,0.0705280003973353,0.0660718874366268
