"B","M","beta0_m","beta1_m","beta2_m","beta0_se_m","beta1_se_m","beta2_se_m"
148,1,-2.49948008107727,-0.845515717693645,1.14574846360308,0.0663228959129443,0.0783314688794561,0.0697157154211489
148,2,-2.50332964856433,-0.856941825388375,1.14124876202522,0.0662719285078837,0.0772013262428666,0.0680834186584025
