"B","M","beta0_m","beta1_m","beta2_m","beta0_se_m","beta1_se_m","beta2_se_m"
109,1,-2.25848797439974,-0.508842889114251,0.958511013750277,0.0565905609566574,0.104785826127691,0.0837642975362319
109,2,-2.25949947712243,-0.506689626056747,0.964334622729679,0.0564856364014265,0.104534188877799,0.083805990490771
