"B","M","beta0_m","beta1_m","beta2_m","beta0_se_m","beta1_se_m","beta2_se_m"
154,1,-2.3996563370322,-0.861255935093854,1.03355293360263,0.0550540239382693,0.0749150152180811,0.075884342368937
154,2,-2.40013816660324,-0.862799757483325,1.03500018548711,0.0548420696730168,0.0740320151848281,0.0749922204648057
