"B","M","beta0_m","beta1_m","beta2_m","beta0_se_m","beta1_se_m","beta2_se_m"
67,1,-2.26459485361995,-0.445579652005968,0.852442772233003,0.0534949229412975,0.102563037681019,0.0946639869334048
67,2,-2.26591175135211,-0.439450816185314,0.860384827489601,0.0536289913530998,0.101590028933593,0.0944790168233163
