"B","M","beta0_m","beta1_m","beta2_m","beta0_se_m","beta1_se_m","beta2_se_m"
90,1,-2.32277201471402,-0.70661007563656,0.931178863777174,0.0523703993218443,0.0896927294895104,0.0900512247949891
90,2,-2.31663286899843,-0.709123346878416,0.914352988343553,0.0521850121375349,0.0907343582743204,0.0893964475690283
