"B","M","beta0_m","beta1_m","beta2_m","beta0_se_m","beta1_se_m","beta2_se_m"
99,1,-2.34145597543226,-0.518170808875162,0.864971953352088,0.0547659256524471,0.0961368815127386,0.0772317725705555
99,2,-2.33701979398705,-0.506661212697146,0.858551262685629,0.0547629482599325,0.0954076922781871,0.0774598243291407
