"B","M","beta0_m","beta1_m","beta2_m","beta0_se_m","beta1_se_m","beta2_se_m"
71,1,-2.28703992265298,-0.71298692282035,0.780854337842156,0.0579482650156334,0.10351945157142,0.0991043767736172
71,2,-2.28380661401901,-0.700225377839549,0.778365212545656,0.0576769342325438,0.103911285663183,0.0991424886541283
