"B","M","beta0_m","beta1_m","beta2_m","beta0_se_m","beta1_se_m","beta2_se_m"
179,1,-2.47561342785527,-0.863690491005523,1.09675639646769,0.059168908475357,0.0711372376321729,0.0781346036145728
179,2,-2.4788051255791,-0.865796892918384,1.09877880982707,0.0593392111460446,0.0708280560430732,0.0778342193586944
