"B","M","beta0_m","beta1_m","beta2_m","beta0_se_m","beta1_se_m","beta2_se_m"
123,1,-2.47094684505738,-0.942077677088341,0.989756729848564,0.0626950042214073,0.0743038237412271,0.0729337771120573
123,2,-2.47454970965588,-0.949235657181399,0.989476493765838,0.0625356413095087,0.0745445675272234,0.0727758377203702
