"B","M","beta0_m","beta1_m","beta2_m","beta0_se_m","beta1_se_m","beta2_se_m"
116,1,-2.59117747971621,-1.00471187463775,1.05605323031416,0.0609786449335815,0.0825482275611087,0.0837369043957492
116,2,-2.59250170658778,-1.0029145968533,1.06087847242494,0.0607586530692087,0.0828716097776994,0.0837841442491959
