"B","M","beta0_m","beta1_m","beta2_m","beta0_se_m","beta1_se_m","beta2_se_m"
27,1,-2.5302547360086,-0.930085731799976,1.06927241242118,0.0646630104855942,0.0738214697836661,0.0764112098572922
27,2,-2.52773413998066,-0.928387658173865,1.06677507490888,0.064287237428281,0.073204076517076,0.0757007111582347
