"B","M","beta0_m","beta1_m","beta2_m","beta0_se_m","beta1_se_m","beta2_se_m"
116,1,-2.34589623898919,-0.605076582830467,1.02652872698846,0.0552467055430974,0.112930609369911,0.0926416414104247
116,2,-2.34653928151103,-0.598352499954948,1.03282205973949,0.0551688078165896,0.11281124311487,0.0926899018281949
