"B","M","beta0_m","beta1_m","beta2_m","beta0_se_m","beta1_se_m","beta2_se_m"
170,1,-2.29221217096672,-0.454240757036591,0.888770570546642,0.0524234360839959,0.102892038023468,0.082619965733971
170,2,-2.29377088484729,-0.472263957178661,0.880472307934043,0.0525542348692,0.102738977761144,0.0826401855616293
