"B","M","beta0_m","beta1_m","beta2_m","beta0_se_m","beta1_se_m","beta2_se_m"
43,1,-2.27480789578365,-0.507435781082265,0.954624579070772,0.0491745847239942,0.109521564535686,0.0770215656614808
43,2,-2.27336494629819,-0.512842099113312,0.949593289169799,0.0492252972572184,0.110010305454765,0.0768670215227908
