"B","M","beta0_m","beta1_m","beta2_m","beta0_se_m","beta1_se_m","beta2_se_m"
68,1,-2.47095201726615,-1.03040262139227,0.870828453277045,0.0614200116614096,0.0721840963713984,0.0814960898025068
68,2,-2.47327844339887,-1.02647041544114,0.878987469689536,0.0614919454895082,0.0723546868452666,0.0811449129179196
