"B","M","beta0_m","beta1_m","beta2_m","beta0_se_m","beta1_se_m","beta2_se_m"
59,1,-2.21457420974598,-0.527726378624829,0.838860097634002,0.0536745039254423,0.0944193999817887,0.0717102788138705
59,2,-2.21468046260244,-0.530748008792292,0.837107170206283,0.0534719504412215,0.0951864248922414,0.0714100404327301
