"B","M","beta0_m","beta1_m","beta2_m","beta0_se_m","beta1_se_m","beta2_se_m"
128,1,-2.54207783862455,-0.962381761596553,1.07857173206292,0.0673781231952661,0.0751747027309852,0.0736400259667492
128,2,-2.5434975509307,-0.965021968115363,1.07790463136212,0.0670815245569263,0.0746945037829906,0.0731678131949224
