"B","M","beta0_m","beta1_m","beta2_m","beta0_se_m","beta1_se_m","beta2_se_m"
3,1,-2.52197165733243,-0.974670726539733,1.00200810222185,0.0614779055924219,0.069562028727412,0.0772960208707767
3,2,-2.52157810483106,-0.980154899414799,0.995601206868167,0.0617089399687026,0.0695982751424215,0.0771638658767072
