"B","M","beta0_m","beta1_m","beta2_m","beta0_se_m","beta1_se_m","beta2_se_m"
168,1,-2.44759565892589,-0.805752740676106,1.11173344877099,0.0620034219904944,0.0719840215900976,0.0760238272849297
168,2,-2.44613094394826,-0.801878325922972,1.11245194368056,0.0617501725329037,0.0720275836793265,0.0757998076827585
