"B","M","beta0_m","beta1_m","beta2_m","beta0_se_m","beta1_se_m","beta2_se_m"
39,1,-2.35012176949987,-1.03812756574301,0.763440211992394,0.0625133606913747,0.076694165489949,0.077255164332494
39,2,-2.35022108299659,-1.0316449228826,0.771108637051711,0.0624704561257289,0.0769278510117525,0.0768986237397812
