"B","M","beta0_m","beta1_m","beta2_m","beta0_se_m","beta1_se_m","beta2_se_m"
158,1,-2.32824918995938,-0.8226297876308,0.830793687366165,0.0594233809640476,0.112213005974162,0.0829636266713745
158,2,-2.3224636528779,-0.826829036702673,0.807684072779973,0.0593296186389348,0.112977353305637,0.0830235570138516
