"B","M","beta0_m","beta1_m","beta2_m","beta0_se_m","beta1_se_m","beta2_se_m"
51,1,-2.43348760832659,-1.04214219075988,0.802104789156457,0.0574469016265207,0.0762911310770214,0.0762774816218123
51,2,-2.43523019488877,-1.0445164572679,0.802767526145919,0.0573947948737983,0.0759773031605775,0.0758578534264666
