"B","M","beta0_m","beta1_m","beta2_m","beta0_se_m","beta1_se_m","beta2_se_m"
173,1,-2.25034349062901,-0.454122098538251,0.837896570613318,0.0525587709444781,0.110486997638654,0.0768328959245162
173,2,-2.25369125046721,-0.461670793077322,0.84081036024108,0.0526225148448877,0.110654993282315,0.0761241028998492
