"B","M","beta0_m","beta1_m","beta2_m","beta0_se_m","beta1_se_m","beta2_se_m"
177,1,-2.35328783551094,-0.868721380075186,0.991431674892396,0.0637251737319328,0.0784910958326108,0.0859415429037197
177,2,-2.35296573270963,-0.867380428359512,0.989731045796108,0.0639001367399606,0.0786728696916193,0.0864530839722924
