"B","M","beta0_m","beta1_m","beta2_m","beta0_se_m","beta1_se_m","beta2_se_m"
57,1,-2.51458568838096,-0.896543313705628,1.01069373704033,0.0614292274768824,0.0782619525639425,0.0779823173502302
57,2,-2.51590622988052,-0.898338182598467,1.01128040837739,0.0615467533380185,0.0786607518214407,0.0782085304033218
