"B","M","beta0_m","beta1_m","beta2_m","beta0_se_m","beta1_se_m","beta2_se_m"
94,1,-2.19241776092067,-0.479708569921231,0.817496753911705,0.0542643900702825,0.105476820944346,0.0951632886993598
94,2,-2.19212943773724,-0.488057123965709,0.807899626696817,0.0541491538585234,0.10640883743302,0.0948836757755539
