"B","M","beta0_m","beta1_m","beta2_m","beta0_se_m","beta1_se_m","beta2_se_m"
109,1,-2.45359425352215,-0.83290658102013,1.12263654085577,0.0639020538704706,0.0756153508149011,0.0813583571091746
109,2,-2.45446503388101,-0.833154244199343,1.12308892694353,0.0636730319050128,0.0756630333413323,0.0814921914285737
