"B","M","beta0_m","beta1_m","beta2_m","beta0_se_m","beta1_se_m","beta2_se_m"
52,1,-2.29570547717546,-0.560500680104987,1.03248794484909,0.0508771619035628,0.095067345533762,0.0793216441409851
52,2,-2.2995800541237,-0.561580642472014,1.03977372813033,0.0512040678890572,0.0949373625104771,0.0793577637517424
