"B","M","beta0_m","beta1_m","beta2_m","beta0_se_m","beta1_se_m","beta2_se_m"
176,1,-2.37400655051311,-0.777150098684418,1.13358103720187,0.0610318956204066,0.0711872185804947,0.0787472298970505
176,2,-2.37559025964586,-0.772676557314504,1.14191170752935,0.0613646687158909,0.0706558795076466,0.0790019916115102
