"B","M","beta0_m","beta1_m","beta2_m","beta0_se_m","beta1_se_m","beta2_se_m"
150,1,-2.30184074009622,-0.601579354679665,0.824309123640946,0.0536797549436238,0.107513412991443,0.0853898447658266
150,2,-2.30084537141292,-0.612384347085454,0.811075940294617,0.0533322480672213,0.107391520160615,0.085214313200614
