"B","M","beta0_m","beta1_m","beta2_m","beta0_se_m","beta1_se_m","beta2_se_m"
88,1,-2.26549655647464,-0.603968944969381,0.918067648312212,0.054429051248294,0.0993656023659158,0.0833734735303886
88,2,-2.26767603163096,-0.596589202838242,0.928574282803235,0.0542937842860851,0.0995017915697882,0.0826295113846365
