"B","M","beta0_m","beta1_m","beta2_m","beta0_se_m","beta1_se_m","beta2_se_m"
66,1,-2.32787172225511,-0.874314272829333,0.898750046712258,0.0576242240355648,0.0671323920849487,0.0763401925891873
66,2,-2.32709125493518,-0.878840424008575,0.891368892395886,0.0575100944359237,0.0663689713799244,0.0754023335339265
