"B","M","beta0_m","beta1_m","beta2_m","beta0_se_m","beta1_se_m","beta2_se_m"
13,1,-2.21629587393073,-0.506905090125659,0.834289181743929,0.0498595558351844,0.101771763912202,0.0854317756370073
13,2,-2.21709191624632,-0.503938913759577,0.84198707362594,0.0499174900000699,0.10063308883665,0.0843932241456062
