"B","M","beta0_m","beta1_m","beta2_m","beta0_se_m","beta1_se_m","beta2_se_m"
192,1,-2.34242187159867,-0.966290167760459,0.837201742062923,0.0511582058302281,0.0737822860078244,0.0724445530690162
192,2,-2.34562561709905,-0.961708103497532,0.847492863682492,0.0510844104219544,0.0746301218372029,0.0732265372394862
