"B","M","beta0_m","beta1_m","beta2_m","beta0_se_m","beta1_se_m","beta2_se_m"
42,1,-2.46094220208939,-0.983415687381535,0.952891009889408,0.0588609610350583,0.0790188694394889,0.0773317538025132
42,2,-2.46143690840744,-0.984922965508618,0.952645346421644,0.059064841059867,0.079319221166702,0.0768031238643335
