"B","M","beta0_m","beta1_m","beta2_m","beta0_se_m","beta1_se_m","beta2_se_m"
68,1,-2.24497091690109,-0.584406716403069,0.810434354022738,0.0509275653013183,0.0972290219376638,0.0821695763706805
68,2,-2.24724923313192,-0.578039117223727,0.825227797175994,0.0512341569465978,0.0977475735644155,0.082560789623825
