"B","M","beta0_m","beta1_m","beta2_m","beta0_se_m","beta1_se_m","beta2_se_m"
9,1,-2.59661039357766,-0.881824645508595,1.07840104033613,0.058633178241883,0.0713175201681768,0.0820975073656934
9,2,-2.59781117574717,-0.876599879513055,1.08569060596112,0.0587878370093239,0.0719510278736596,0.0826172164529902
