"B","M","beta0_m","beta1_m","beta2_m","beta0_se_m","beta1_se_m","beta2_se_m"
199,1,-2.51063886067831,-0.900222313740655,1.0352855686997,0.0635576872200282,0.0829202047185844,0.0831865236287521
199,2,-2.50963824168938,-0.899936924456056,1.03131054901625,0.0637140132496334,0.083454427031746,0.0831002694072418
