"B","M","beta0_m","beta1_m","beta2_m","beta0_se_m","beta1_se_m","beta2_se_m"
85,1,-2.4677012926451,-0.906298687241097,0.972623595927888,0.0610108337719283,0.069282365648726,0.0801274111959102
85,2,-2.46795580211264,-0.905781984053962,0.971712266265712,0.0607386676963951,0.0695500106320817,0.0794703105004099
