"B","M","beta0_m","beta1_m","beta2_m","beta0_se_m","beta1_se_m","beta2_se_m"
5,1,-2.48036088837257,-1.02803485912817,0.8392540640945,0.0633260599437747,0.0826140370780168,0.0800591984262681
5,2,-2.47641192781641,-1.02892257361536,0.831585539825894,0.0631058119934518,0.0822564711384275,0.0797312351692714
