"B","M","beta0_m","beta1_m","beta2_m","beta0_se_m","beta1_se_m","beta2_se_m"
115,1,-2.45651936368757,-0.828729980834556,1.0836258174192,0.0634208722062493,0.075039306642915,0.080548693962631
115,2,-2.45493435696385,-0.819151083160356,1.0886952077576,0.0634788239794524,0.0745079147522808,0.0806643576563046
