"B","M","beta0_m","beta1_m","beta2_m","beta0_se_m","beta1_se_m","beta2_se_m"
24,1,-2.23118620915334,-0.638695256548661,0.76945696889616,0.0496925907466448,0.101021959696674,0.0926844285452583
24,2,-2.22955376335656,-0.628429173249544,0.771570743475361,0.0499934740911444,0.101636999731379,0.093599544170136
