"B","M","beta0_m","beta1_m","beta2_m","beta0_se_m","beta1_se_m","beta2_se_m"
66,1,-2.22594957609127,-0.470944775710925,0.800363141248243,0.0509180937960139,0.095700622379516,0.0819374221286159
66,2,-2.22623477325496,-0.47423115533374,0.798036362265894,0.050889072092105,0.0943314167360789,0.0818489305469613
