"B","M","beta0_m","beta1_m","beta2_m","beta0_se_m","beta1_se_m","beta2_se_m"
184,1,-2.24884768822995,-0.576399032386038,0.73757341201064,0.0463721694378052,0.0896224722228102,0.0761712103673342
184,2,-2.24724792648178,-0.578439622559148,0.730636680168239,0.0464466653669978,0.0899162024658112,0.0765427731504341
