"B","M","beta0_m","beta1_m","beta2_m","beta0_se_m","beta1_se_m","beta2_se_m"
180,1,-2.42010126666689,-0.821028079299403,1.06038064512198,0.0588122113644789,0.0761319438967484,0.0865983333179228
180,2,-2.41915855206236,-0.819258528424659,1.06325431191286,0.0588057017266228,0.0755932659557968,0.0860240156424198
