"B","M","beta0_m","beta1_m","beta2_m","beta0_se_m","beta1_se_m","beta2_se_m"
198,1,-2.46462260269503,-0.881579976701767,1.03885719213777,0.0573738232780428,0.0702195818710075,0.0811769272130488
198,2,-2.46504225146813,-0.885790611686871,1.0359198813116,0.0572597457271534,0.0703879681417975,0.0803918056366985
