"B","M","beta0_m","beta1_m","beta2_m","beta0_se_m","beta1_se_m","beta2_se_m"
134,1,-2.53325540325091,-0.958694301595734,1.02095496216098,0.0578365264802331,0.0682306317597293,0.0776240093381024
134,2,-2.52973499662879,-0.953073027834457,1.02411936165855,0.0577364382471358,0.0677041477200004,0.0773547640568022
