"B","M","beta0_m","beta1_m","beta2_m","beta0_se_m","beta1_se_m","beta2_se_m"
40,1,-2.12052880562502,-0.47849247426502,0.847328156758948,0.0471624292694722,0.0908267827532511,0.0705358044172735
40,2,-2.12102972220471,-0.460192846939172,0.856625987955779,0.0470658249320014,0.090306705044669,0.0702234477411083
