"B","M","beta0_m","beta1_m","beta2_m","beta0_se_m","beta1_se_m","beta2_se_m"
50,1,-2.23491078013443,-0.544469132670162,0.878987248507916,0.0522736431811251,0.0955299558658056,0.0764250992535589
50,2,-2.24015403963256,-0.563767789818205,0.881218633646914,0.0523536568446282,0.0949204559549303,0.0765299908330316
