"B","M","beta0_m","beta1_m","beta2_m","beta0_se_m","beta1_se_m","beta2_se_m"
128,1,-2.27076149342911,-0.698295145529513,0.920449241015931,0.0582877628047718,0.102926869504738,0.0778050449134838
128,2,-2.27083350095254,-0.701146816630275,0.91742037259295,0.0581802109928977,0.102151635681797,0.0782582221503655
