"B","M","beta0_m","beta1_m","beta2_m","beta0_se_m","beta1_se_m","beta2_se_m"
196,1,-2.42486558745206,-0.676492524593049,1.13592242995714,0.0584466395459494,0.106884112192295,0.0830315867871832
196,2,-2.42313181105388,-0.673945625967186,1.13414341244332,0.0585389110404168,0.108312378539773,0.0836056878820998
