"B","M","beta0_m","beta1_m","beta2_m","beta0_se_m","beta1_se_m","beta2_se_m"
200,1,-2.36735056515061,-0.805917515929633,1.04046766840726,0.0651836216693824,0.0848870334992597,0.0910984048554239
200,2,-2.36695596774493,-0.801536047568592,1.04374903808352,0.0650718567348628,0.084648215783056,0.0915359948665655
