"B","M","beta0_m","beta1_m","beta2_m","beta0_se_m","beta1_se_m","beta2_se_m"
165,1,-2.43879838709774,-0.852746128237442,0.998873196425069,0.0609633763958222,0.0677713708431227,0.0804735362687508
165,2,-2.43588085491537,-0.853856877836803,0.993257024084476,0.0607205682242813,0.0678193125646467,0.0809117439243859
