"B","M","beta0_m","beta1_m","beta2_m","beta0_se_m","beta1_se_m","beta2_se_m"
80,1,-2.31807579303775,-0.464104280766311,1.0026145112758,0.055997881830799,0.0969133572090271,0.0756797569577901
80,2,-2.31880039806207,-0.461442345676802,1.00143638094731,0.0563650495672012,0.0970291750887632,0.0751871382300252
