"B","M","beta0_m","beta1_m","beta2_m","beta0_se_m","beta1_se_m","beta2_se_m"
191,1,-2.33633272182383,-0.808534940673063,0.979599044525384,0.0596799797009659,0.0560769481294112,0.0701653946299075
191,2,-2.33883663308771,-0.807898513184431,0.983761326614878,0.0596072927729622,0.0563332907575047,0.0704302358543181
