"B","M","beta0_m","beta1_m","beta2_m","beta0_se_m","beta1_se_m","beta2_se_m"
149,1,-2.51227443228011,-0.832027510096014,1.14092992634171,0.0558564374101762,0.0782255477082918,0.0917240448151426
149,2,-2.51073201679059,-0.827788185099653,1.14552379827462,0.0559192928829372,0.078175824368504,0.0915121287241816
