"B","M","beta0_m","beta1_m","beta2_m","beta0_se_m","beta1_se_m","beta2_se_m"
138,1,-2.22925389411499,-0.359625107244536,0.832993745818143,0.050308236164725,0.0952020282909411,0.0822560149293347
138,2,-2.22817216282779,-0.355575549115618,0.830189174550488,0.0504315884250447,0.0954150916079966,0.0820470991069006
