"B","M","beta0_m","beta1_m","beta2_m","beta0_se_m","beta1_se_m","beta2_se_m"
62,1,-2.36306119818846,-0.876605912877946,0.956846889088842,0.0605666947668216,0.071908268159406,0.0723562850709395
62,2,-2.36405181323454,-0.87508796890926,0.95901924340281,0.060410449581604,0.0714093451222904,0.0723154458397883
