"B","M","beta0_m","beta1_m","beta2_m","beta0_se_m","beta1_se_m","beta2_se_m"
139,1,-2.30565699764903,-0.477478642935694,0.952377555551074,0.0542025127796961,0.089288904031766,0.0779749097520828
139,2,-2.30868078270587,-0.49596349443608,0.948496532169288,0.0543432365947744,0.0896292657108135,0.0784747052578358
