"B","M","beta0_m","beta1_m","beta2_m","beta0_se_m","beta1_se_m","beta2_se_m"
117,1,-2.53239817504735,-0.934849895077939,1.00940380297073,0.0496765346931047,0.0634587146994464,0.068076953080125
117,2,-2.53153842946059,-0.931411561640931,1.01114333761596,0.0498740003012732,0.063306534505375,0.0676280378615274
