"B","M","beta0_m","beta1_m","beta2_m","beta0_se_m","beta1_se_m","beta2_se_m"
87,1,-2.43624471921695,-0.937034772529964,0.999228158823054,0.0604917549729855,0.0822373270830992,0.0898159432962466
87,2,-2.43754876775565,-0.931871614909958,1.00736326290539,0.060577937335435,0.0825458108108559,0.0902367279779759
