"B","M","beta0_m","beta1_m","beta2_m","beta0_se_m","beta1_se_m","beta2_se_m"
7,1,-2.26057840782718,-0.5788227402905,0.926843799554896,0.0536792129728927,0.0945578114726541,0.0785834176090544
7,2,-2.2596614592088,-0.565769657317277,0.932573901061318,0.0536221704049552,0.0943439866150353,0.0776645471653917
