"B","M","beta0_m","beta1_m","beta2_m","beta0_se_m","beta1_se_m","beta2_se_m"
177,1,-2.20670274718261,-0.387045959246757,1.01827947300603,0.0524647435485734,0.104800326006808,0.0854225106056687
177,2,-2.20556007840766,-0.363532118815264,1.01935718490882,0.052531330957826,0.105373720217929,0.0864477126920719
