"B","M","beta0_m","beta1_m","beta2_m","beta0_se_m","beta1_se_m","beta2_se_m"
188,1,-2.49157826480447,-0.783444509091544,1.19165420767201,0.06527003862585,0.0768490280897203,0.0853994943320361
188,2,-2.49162416923102,-0.788855464929089,1.18711124638762,0.0655482257916859,0.0770208091241824,0.0854222135999817
