"B","M","beta0_m","beta1_m","beta2_m","beta0_se_m","beta1_se_m","beta2_se_m"
163,1,-2.46912111277878,-1.00023251177964,0.92378300853017,0.0550965563894688,0.0676195239702647,0.0678545895967521
163,2,-2.46789824049359,-1.00098159631001,0.921956072434491,0.0550565291452876,0.0677814922881132,0.0680286785024423
