"B","M","beta0_m","beta1_m","beta2_m","beta0_se_m","beta1_se_m","beta2_se_m"
117,1,-2.28677609148229,-0.505705428543421,0.95331280673034,0.0488877480754258,0.0971458484685147,0.0837466653583917
117,2,-2.2853995784428,-0.494749412677102,0.953479438198197,0.0487272628847431,0.0990151594887887,0.0834364208541135
