"B","M","beta0_m","beta1_m","beta2_m","beta0_se_m","beta1_se_m","beta2_se_m"
10,1,-2.21307152670685,-0.345692650629683,0.834221032200016,0.0523339816757188,0.0968050701889024,0.0769472728675039
10,2,-2.21332533499585,-0.358686781642995,0.826049418400782,0.0521363293852609,0.0987429902160883,0.0775656902813412
