"B","M","beta0_m","beta1_m","beta2_m","beta0_se_m","beta1_se_m","beta2_se_m"
77,1,-2.43927037943727,-0.822064344773465,1.05242105158524,0.0619507364936885,0.0720404903714323,0.0834916808923308
77,2,-2.43884507355727,-0.822350109440832,1.0519888099715,0.0620536088985957,0.0720534400437292,0.083205974106788
