"B","M","beta0_m","beta1_m","beta2_m","beta0_se_m","beta1_se_m","beta2_se_m"
56,1,-2.19367245741401,-0.415445698579926,0.836946452681366,0.0524956792654038,0.0986861622191253,0.0791853429319728
56,2,-2.19330435783254,-0.412766370452827,0.839666982825264,0.0524251068046898,0.10017935939608,0.0797743315616962
