"B","M","beta0_m","beta1_m","beta2_m","beta0_se_m","beta1_se_m","beta2_se_m"
113,1,-2.25493438832561,-0.307984221993851,0.954005417753512,0.0515488614926611,0.0992137568574257,0.0817146457238918
113,2,-2.2498531560768,-0.280330531416502,0.952660736376064,0.0516514719635987,0.0999501642314759,0.081991778301856
