"B","M","beta0_m","beta1_m","beta2_m","beta0_se_m","beta1_se_m","beta2_se_m"
197,1,-2.49577401998478,-0.872701941481209,1.10289099637723,0.0618808474671996,0.0691406548872739,0.073855874925004
197,2,-2.49251271361582,-0.873605146287645,1.09516255843433,0.0619330754004928,0.0692312673780006,0.0746618414876874
