"B","M","beta0_m","beta1_m","beta2_m","beta0_se_m","beta1_se_m","beta2_se_m"
96,1,-2.52486029865695,-0.820584362283758,1.12079815257446,0.0565968400834448,0.0773145206555079,0.0797778695124861
96,2,-2.52473009584454,-0.820578361009276,1.12123345791339,0.0570410822537331,0.0777844370217115,0.0808361145179154
