"B","M","beta0_m","beta1_m","beta2_m","beta0_se_m","beta1_se_m","beta2_se_m"
105,1,-2.28630182967916,-0.407036630714925,0.958318330903613,0.0521907883200806,0.103060825887795,0.0882410714773514
105,2,-2.28560927029091,-0.419963654925326,0.947947865361104,0.0520398269776933,0.102827641959592,0.088584156215016
