"B","M","beta0_m","beta1_m","beta2_m","beta0_se_m","beta1_se_m","beta2_se_m"
162,1,-2.46539690612265,-0.749318484223345,1.13194989124422,0.0651616987998127,0.0695210643009086,0.074748286078054
162,2,-2.46458811222397,-0.740074359672031,1.14171471830386,0.0652781991671196,0.0693571706791786,0.0748317745208824
