"B","M","beta0_m","beta1_m","beta2_m","beta0_se_m","beta1_se_m","beta2_se_m"
110,1,-2.27098711356878,-0.627214441681231,0.688235408615275,0.0555028828733428,0.119756601133301,0.087995078725057
110,2,-2.27480353929222,-0.648739876642195,0.678406659712076,0.0559462781235649,0.119078748040641,0.0886264471760986
