"B","M","beta0_m","beta1_m","beta2_m","beta0_se_m","beta1_se_m","beta2_se_m"
125,1,-2.2527100025366,-0.471125822070996,0.916144808348815,0.0541688395985278,0.0902582313804314,0.0796348330423287
125,2,-2.24980386086067,-0.458419889888496,0.920701941404444,0.0541224463007667,0.0893342621360675,0.0806500907628034
