"B","M","beta0_m","beta1_m","beta2_m","beta0_se_m","beta1_se_m","beta2_se_m"
104,1,-2.2979122438789,-0.690651476300044,0.926131347612117,0.0550992334614006,0.103982892998473,0.0817241628446563
104,2,-2.29609865483639,-0.694566629898858,0.923468238115638,0.0549863689277402,0.104155610320272,0.0827450458386251
