"B","M","beta0_m","beta1_m","beta2_m","beta0_se_m","beta1_se_m","beta2_se_m"
65,1,-2.50506076731919,-0.949141082652961,1.0576754351314,0.0584980325852834,0.0578804957725063,0.0648339855834939
65,2,-2.50948920916247,-0.946206309775285,1.06676926042603,0.0586524244532714,0.0576770122077454,0.0645281235233883
