"B","M","beta0_m","beta1_m","beta2_m","beta0_se_m","beta1_se_m","beta2_se_m"
2,1,-2.31292383185779,-0.468499062828165,0.850649953673452,0.0511850296449154,0.0968797974957635,0.0775128074636003
2,2,-2.31053038460944,-0.468934867127636,0.838570552194992,0.0511447506373143,0.0985263750804516,0.0774081416235782
