"B","M","beta0_m","beta1_m","beta2_m","beta0_se_m","beta1_se_m","beta2_se_m"
89,1,-2.19918074985901,-0.625123894429721,0.905108117932149,0.0509361550271546,0.107639511191189,0.0769509337274041
89,2,-2.20132625684498,-0.635238551695664,0.90173952504361,0.0508648130740766,0.10714750103655,0.0777207140683411
