"B","M","beta0_m","beta1_m","beta2_m","beta0_se_m","beta1_se_m","beta2_se_m"
23,1,-2.56185391111593,-0.871617532823727,1.11774898471773,0.0601865936801032,0.0667624951264218,0.0735663496363424
23,2,-2.56381328266509,-0.859572284160379,1.13293649615796,0.0604177521300442,0.0667132748757015,0.0739230412780092
