"B","M","beta0_m","beta1_m","beta2_m","beta0_se_m","beta1_se_m","beta2_se_m"
41,1,-2.28015374894442,-0.523966085204678,0.918944234773267,0.0556341108864227,0.113768420219341,0.0867603790210544
41,2,-2.2862337215049,-0.530030811433255,0.92567882028382,0.055802687246511,0.112607813620874,0.085180475252926
