"B","M","beta0_m","beta1_m","beta2_m","beta0_se_m","beta1_se_m","beta2_se_m"
145,1,-2.37169439162514,-0.927341529660313,0.96246628001771,0.0660612885827822,0.0718802251360346,0.0754380387075723
145,2,-2.37389905168748,-0.930616789278556,0.96401937975181,0.0659297071123803,0.0721657961993422,0.0753497488988596
