"B","M","beta0_m","beta1_m","beta2_m","beta0_se_m","beta1_se_m","beta2_se_m"
159,1,-2.55082798427437,-0.954990997214003,1.01802505468635,0.0581008784785493,0.0854732981242056,0.0828376958774052
159,2,-2.55208446920102,-0.956992217348723,1.01653434086058,0.057859614344283,0.0849731768333727,0.0824987829698944
