"B","M","beta0_m","beta1_m","beta2_m","beta0_se_m","beta1_se_m","beta2_se_m"
171,1,-2.48510532719918,-0.661601229110883,1.28494810362938,0.064929542903402,0.0673652966344051,0.0789844427526063
171,2,-2.48713222203381,-0.658232120530149,1.28465371542171,0.064765841510207,0.0671226119988636,0.0777145791907034
