"B","M","beta0_m","beta1_m","beta2_m","beta0_se_m","beta1_se_m","beta2_se_m"
77,1,-2.24232041623858,-0.371019759519756,0.888279878373927,0.0554440969760993,0.0982896639257722,0.09462024507519
77,2,-2.24069105645476,-0.362569806047226,0.886807672860601,0.0554179554521223,0.100036222701234,0.0940747598393131
