"B","M","beta0_m","beta1_m","beta2_m","beta0_se_m","beta1_se_m","beta2_se_m"
46,1,-2.51021751932725,-0.98569885727324,0.919122911989936,0.0632097989874568,0.0715733835795727,0.0799869846181593
46,2,-2.51160942422192,-0.993758088033268,0.911729090970005,0.062738007226445,0.070804808101403,0.0790119021279185
