"B","M","beta0_m","beta1_m","beta2_m","beta0_se_m","beta1_se_m","beta2_se_m"
86,1,-2.29976939624679,-0.519283291121999,0.949327687129327,0.0503342608105384,0.0781266695805747,0.0864887558432877
86,2,-2.29923171184037,-0.527108573686211,0.946136283871122,0.0506180663406809,0.0775487846463467,0.0858182198259343
