"B","M","beta0_m","beta1_m","beta2_m","beta0_se_m","beta1_se_m","beta2_se_m"
196,1,-2.59176184535626,-0.926801746359716,1.11734045771439,0.0680373172616233,0.0724370735136806,0.0768633993773623
196,2,-2.58968060929467,-0.925298440962085,1.1153595772603,0.067983886161827,0.0726694740746335,0.077209111650054
