"B","M","beta0_m","beta1_m","beta2_m","beta0_se_m","beta1_se_m","beta2_se_m"
18,1,-2.51468397999716,-1.04195931071528,0.89935700269817,0.0589473259338567,0.0765478786383336,0.0873031117392192
18,2,-2.51224343528685,-1.03629554075707,0.900549875265677,0.0588108994309836,0.0764073552903428,0.0868910203107153
