"B","M","beta0_m","beta1_m","beta2_m","beta0_se_m","beta1_se_m","beta2_se_m"
89,1,-2.47089587537307,-0.981267406478431,0.998119391684208,0.0606703591754684,0.0743116437528194,0.0714210630898587
89,2,-2.47374000659654,-0.984642072377393,0.996769502723549,0.0605984429292082,0.0748693664355575,0.0724937449057546
