"B","M","beta0_m","beta1_m","beta2_m","beta0_se_m","beta1_se_m","beta2_se_m"
167,1,-2.38135600612281,-0.926383434107847,0.929460631559286,0.0595441132254658,0.0803318237955204,0.0768428547102319
167,2,-2.38055900757723,-0.920053409707088,0.936303001645622,0.0596426085900338,0.0808449157727883,0.0778470541420538
