"B","M","beta0_m","beta1_m","beta2_m","beta0_se_m","beta1_se_m","beta2_se_m"
28,1,-2.46076183763441,-0.766658732994128,1.08542516943684,0.063454536117493,0.074376382237127,0.0716732657927462
28,2,-2.45999873258369,-0.771670101234687,1.08287934809045,0.0635146353376361,0.0745042127787817,0.0721798393284175
