"B","M","beta0_m","beta1_m","beta2_m","beta0_se_m","beta1_se_m","beta2_se_m"
178,1,-2.23210706414789,-0.513731504771311,0.915403152501884,0.0480024865717615,0.102042462427992,0.078892276528243
178,2,-2.23174923081153,-0.515276619591123,0.914537231715564,0.0481367434961379,0.101924563800872,0.0804284235412149
