"B","M","beta0_m","beta1_m","beta2_m","beta0_se_m","beta1_se_m","beta2_se_m"
190,1,-2.21321386820723,-0.449558145122,0.860635605108686,0.0554976777702907,0.114553467724645,0.0831675301193204
190,2,-2.21424061764188,-0.448924937496951,0.866045013474282,0.0555722117287318,0.115239841947822,0.0820268572332526
