"B","M","beta0_m","beta1_m","beta2_m","beta0_se_m","beta1_se_m","beta2_se_m"
6,1,-2.26624057971208,-0.563310507869527,0.872292032554602,0.0547170153678882,0.0959820454943066,0.0826939447397197
6,2,-2.26718813458188,-0.577034093445223,0.869656019393565,0.0547795221043379,0.0961443690713432,0.08258146334944
