"B","M","beta0_m","beta1_m","beta2_m","beta0_se_m","beta1_se_m","beta2_se_m"
195,1,-2.31354377281261,-0.490772043513489,0.962960899874349,0.0558330019622411,0.0964809283689206,0.0853874636433899
195,2,-2.3103960194893,-0.477241262325903,0.962684979200771,0.0555889791086056,0.0955474522332192,0.0847252573827247
