"B","M","beta0_m","beta1_m","beta2_m","beta0_se_m","beta1_se_m","beta2_se_m"
74,1,-2.25179178138693,-0.450973054173309,0.759314195965869,0.0541446405405521,0.11709532449394,0.0987901849066663
74,2,-2.25577876450946,-0.461904433009676,0.762898420917301,0.0543541613482812,0.11719579188432,0.0986402723326272
