"B","M","beta0_m","beta1_m","beta2_m","beta0_se_m","beta1_se_m","beta2_se_m"
183,1,-2.28692494168663,-0.572888835773768,1.01811030647654,0.0549231345007293,0.0985103623371705,0.0836310751885657
183,2,-2.28585157403913,-0.568829114801962,1.01643739948957,0.0546350496368045,0.0983925314004991,0.0829671936772451
