"B","M","beta0_m","beta1_m","beta2_m","beta0_se_m","beta1_se_m","beta2_se_m"
180,1,-2.20906084721512,-0.430526893367371,0.908262750532531,0.0506836024485631,0.092215688736589,0.0944096027550784
180,2,-2.20804883490355,-0.434921155168093,0.904414064362305,0.0506862141890308,0.0915814024816202,0.0943914356738366
