"B","M","beta0_m","beta1_m","beta2_m","beta0_se_m","beta1_se_m","beta2_se_m"
129,1,-2.48516420204401,-0.905497351272749,0.984417306702305,0.056477508852134,0.0779303940764552,0.0834363308661043
129,2,-2.48598438480167,-0.904218958097983,0.987772578781009,0.0564061791076245,0.0785902913029657,0.0845197722273024
