"B","M","beta0_m","beta1_m","beta2_m","beta0_se_m","beta1_se_m","beta2_se_m"
141,1,-2.55933245334501,-0.89868739200657,1.09204248380316,0.0672531758371168,0.0872532159881949,0.0777606255290004
141,2,-2.56172761233345,-0.904910235932662,1.08720767300921,0.0674411946463207,0.0876362614226714,0.0787403085216256
