"B","M","beta0_m","beta1_m","beta2_m","beta0_se_m","beta1_se_m","beta2_se_m"
168,1,-2.2410070125443,-0.492446850897525,0.910022661261208,0.0506448340398785,0.0993300561057401,0.0748994588341757
168,2,-2.2408914956591,-0.48335478607297,0.914710317548665,0.050408245915493,0.0990311045402411,0.0749452373636494
