"B","M","beta0_m","beta1_m","beta2_m","beta0_se_m","beta1_se_m","beta2_se_m"
121,1,-2.4683524661547,-0.934045819377042,0.978546659921242,0.0554654323071047,0.0777135036076642,0.0894841323465552
121,2,-2.46675481234393,-0.932382580783462,0.975825855299113,0.055206951082398,0.0773125076099138,0.0886970180092193
