"B","M","beta0_m","beta1_m","beta2_m","beta0_se_m","beta1_se_m","beta2_se_m"
181,1,-2.44460656385571,-0.783776957009659,1.05427695143738,0.0682741676569815,0.0866035043297507,0.0802643048189924
181,2,-2.44661058361615,-0.787002659388755,1.05282909898885,0.0685098985025443,0.0862837396908076,0.079653722237641
