"B","M","beta0_m","beta1_m","beta2_m","beta0_se_m","beta1_se_m","beta2_se_m"
113,1,-2.46739388665542,-0.838972636562281,1.02932574115724,0.0574545330257833,0.066273155456934,0.0739544973777585
113,2,-2.46427027200111,-0.828700348992392,1.03425474594231,0.057439675026286,0.066313581979372,0.0742705367817209
