"B","M","beta0_m","beta1_m","beta2_m","beta0_se_m","beta1_se_m","beta2_se_m"
146,1,-2.21402852797222,-0.681768380698733,0.835676686504292,0.0529495466783756,0.0975656216256116,0.068412164576875
146,2,-2.21598013176069,-0.680000334214526,0.833914369638799,0.0532292453348796,0.0987018906666709,0.0685962302070417
