"B","M","beta0_m","beta1_m","beta2_m","beta0_se_m","beta1_se_m","beta2_se_m"
63,1,-2.13957168070854,-0.325619761924095,0.79207885894604,0.0470800750875034,0.0969315364000969,0.0738626575622763
63,2,-2.13871760298506,-0.330623366913943,0.790463176160488,0.0468759410912941,0.0968248163592208,0.0743662926837454
