"B","M","beta0_m","beta1_m","beta2_m","beta0_se_m","beta1_se_m","beta2_se_m"
130,1,-2.55405691742052,-0.992083724605734,1.02725155776871,0.0553272089629447,0.0736599216679029,0.0761331080679169
130,2,-2.5610180251285,-1.00345736461064,1.02527126222211,0.0553871130144716,0.0728758717459053,0.0751200397283018
