"B","M","beta0_m","beta1_m","beta2_m","beta0_se_m","beta1_se_m","beta2_se_m"
6,1,-2.5280967673786,-0.895920005862843,1.02138335557813,0.058540579598952,0.0785174386064724,0.083981872849943
6,2,-2.52717056519046,-0.894916621097692,1.02205102817419,0.0587715577103469,0.0788551624733309,0.0839559689695963
