"B","M","beta0_m","beta1_m","beta2_m","beta0_se_m","beta1_se_m","beta2_se_m"
83,1,-2.37436341865712,-0.732286344029287,1.04714224649306,0.0560947887751261,0.069961186965814,0.0752730460790366
83,2,-2.37395151620566,-0.727109000211563,1.05625864382643,0.0561772236286186,0.0701214325914759,0.0761057567261006
