"B","M","beta0_m","beta1_m","beta2_m","beta0_se_m","beta1_se_m","beta2_se_m"
34,1,-2.58857634563375,-0.893118817704853,1.10040321447327,0.0635401769332389,0.0752648660733087,0.0783454208191063
34,2,-2.58506393396256,-0.89964293931217,1.09027493641388,0.0635468969086471,0.075467681419852,0.0775932084011774
