"B","M","beta0_m","beta1_m","beta2_m","beta0_se_m","beta1_se_m","beta2_se_m"
7,1,-2.55821288889321,-0.944396204546879,1.07304870237558,0.0687283410559524,0.0700031622883497,0.070829056049343
7,2,-2.5562901482539,-0.937297868477454,1.07656070178779,0.0685832687586465,0.0700555593594285,0.0702177730454924
