"B","M","beta0_m","beta1_m","beta2_m","beta0_se_m","beta1_se_m","beta2_se_m"
38,1,-2.4132281855564,-0.786268769846108,1.11448411912851,0.0621835332912827,0.0687766863378438,0.0658667614778864
38,2,-2.4114846360532,-0.788074472565024,1.11152181551828,0.0622957647188976,0.0686591276242327,0.0662472049498193
