"B","M","beta0_m","beta1_m","beta2_m","beta0_se_m","beta1_se_m","beta2_se_m"
21,1,-2.22867432966268,-0.325025751859943,0.988420024423737,0.0522731618753564,0.103379257223771,0.0879341882674663
21,2,-2.22906670040917,-0.330713975047937,0.988243798422494,0.0521212661075844,0.103424762086077,0.0870578042728331
