"B","M","beta0_m","beta1_m","beta2_m","beta0_se_m","beta1_se_m","beta2_se_m"
91,1,-2.37800905740793,-0.443626950969541,0.986257204392519,0.055524382441027,0.101215973197098,0.0929247900646344
91,2,-2.38402643034516,-0.444930588099781,1.00331119002862,0.0554655850422133,0.101557357828204,0.0923959199878052
