"B","M","beta0_m","beta1_m","beta2_m","beta0_se_m","beta1_se_m","beta2_se_m"
49,1,-2.35523075990228,-0.379517991776792,0.989341279041638,0.0608733063958957,0.112876017118767,0.0960246354455795
49,2,-2.35759028143457,-0.387676069631194,0.993214990096295,0.0609464573694131,0.112703977015181,0.0963705830102439
