"B","M","beta0_m","beta1_m","beta2_m","beta0_se_m","beta1_se_m","beta2_se_m"
151,1,-2.30056162617424,-0.554095353415027,0.900994771963685,0.0504811795654104,0.102515509200473,0.0947263568769394
151,2,-2.3006650164415,-0.574378260442049,0.889542242039893,0.0504155838594549,0.104354569172689,0.0955981869904938
