"B","M","beta0_m","beta1_m","beta2_m","beta0_se_m","beta1_se_m","beta2_se_m"
111,1,-2.23719187857256,-0.358251043514424,0.842504736494702,0.0490887277406122,0.103788139313294,0.0920281009839104
111,2,-2.23498395542547,-0.362140843005573,0.836748855467335,0.0489543022133538,0.103539440785658,0.0917017490751106
