"B","M","beta0_m","beta1_m","beta2_m","beta0_se_m","beta1_se_m","beta2_se_m"
126,1,-2.54328764100838,-0.730118885615554,1.24942895086113,0.0586402733037072,0.0725686472210109,0.0790652764959244
126,2,-2.54471114178309,-0.726022712693718,1.25426823619297,0.0590049054354283,0.0730555798240808,0.0803317816666561
