"B","M","beta0_m","beta1_m","beta2_m","beta0_se_m","beta1_se_m","beta2_se_m"
104,1,-2.57884110490749,-1.05078319320441,0.984808711268665,0.0662724131984561,0.0845794873576124,0.0744878022192867
104,2,-2.57869854986668,-1.05273930121923,0.985425504451629,0.0665103987692449,0.0849307521434099,0.0752288952456959
