"B","M","beta0_m","beta1_m","beta2_m","beta0_se_m","beta1_se_m","beta2_se_m"
69,1,-2.24819956780138,-0.589099825152748,0.830543370658261,0.0498512318933254,0.105346957701564,0.0930673094552726
69,2,-2.24660041973019,-0.599407541227705,0.820002523726559,0.0497137452991691,0.105816508685367,0.0934444523737491
