"B","M","beta0_m","beta1_m","beta2_m","beta0_se_m","beta1_se_m","beta2_se_m"
123,1,-2.2693770098626,-0.565354349012537,0.881141503880852,0.0541074258268322,0.106931873473032,0.0771949767759589
123,2,-2.27038115896742,-0.579221976302274,0.874172289619329,0.053950254076105,0.106572935771676,0.0766536224441834
