"B","M","beta0_m","beta1_m","beta2_m","beta0_se_m","beta1_se_m","beta2_se_m"
36,1,-2.16960717602389,-0.607950578304403,0.782827892492552,0.0488295389581334,0.101145373084692,0.0833062143594042
36,2,-2.16659879703541,-0.603861610490912,0.775260394977276,0.0487075761908348,0.101227838838065,0.0832894609264928
