"B","M","beta0_m","beta1_m","beta2_m","beta0_se_m","beta1_se_m","beta2_se_m"
164,1,-2.56157789117688,-0.965437255688756,1.01155332495413,0.0582426018760883,0.0802800051364695,0.0844657880182829
164,2,-2.56078660351992,-0.957818986565138,1.0204472682379,0.0584524202574882,0.0794484364412084,0.0840194859312157
