"B","M","beta0_m","beta1_m","beta2_m","beta0_se_m","beta1_se_m","beta2_se_m"
1,1,-2.25078044451628,-0.460720589523413,0.889966708832649,0.0539029240111062,0.113319429840365,0.0815678791052654
1,2,-2.25064091458661,-0.450741443616848,0.898107566619216,0.0540311875584243,0.113157819996468,0.0826165532987627
