"B","M","beta0_m","beta1_m","beta2_m","beta0_se_m","beta1_se_m","beta2_se_m"
127,1,-2.18808316370656,-0.451339883801587,0.84853986309245,0.0479746983349806,0.0959565789424451,0.0759702728437754
127,2,-2.18626309918481,-0.428730122799607,0.860570839555031,0.0478246844918746,0.0981757334918914,0.075832750624312
