"B","M","beta0_m","beta1_m","beta2_m","beta0_se_m","beta1_se_m","beta2_se_m"
175,1,-2.28397544544964,-0.596014468741914,0.829240996793464,0.0538351738193766,0.0968768297479337,0.0743421724499626
175,2,-2.28017065962692,-0.584723553177787,0.826816938284222,0.0536158788816244,0.0978839604925515,0.0743252900640328
