"B","M","beta0_m","beta1_m","beta2_m","beta0_se_m","beta1_se_m","beta2_se_m"
137,1,-2.23651578408744,-0.498573262834993,0.826853124074913,0.0500842661924273,0.118395422846457,0.0890803802924227
137,2,-2.23359937473957,-0.48971862646431,0.821962782430086,0.0499526558104921,0.118994432722295,0.0886477803247736
