"B","M","beta0_m","beta1_m","beta2_m","beta0_se_m","beta1_se_m","beta2_se_m"
12,1,-2.48978189696538,-1.00856286931367,0.869845432811339,0.0527798379189778,0.0707624226800858,0.074942448783121
12,2,-2.48837746361212,-1.00579633008899,0.873166892221832,0.0528464614842693,0.0704471457932588,0.0742410302911939
