"B","M","beta0_m","beta1_m","beta2_m","beta0_se_m","beta1_se_m","beta2_se_m"
16,1,-2.38308254673759,-0.865976174983007,0.97325968542254,0.0577931733383229,0.0711206695780219,0.0750482576157615
16,2,-2.3825168812881,-0.872616390936469,0.965199238165229,0.0580160453461759,0.0708345805197809,0.0747289767413081
