"B","M","beta0_m","beta1_m","beta2_m","beta0_se_m","beta1_se_m","beta2_se_m"
156,1,-2.33550177199587,-0.393336495347751,0.912788021628011,0.0520050246200616,0.103038567498774,0.0879691586487828
156,2,-2.3326881351169,-0.379697954387032,0.914274784860599,0.0521114051615206,0.102681950287951,0.0895967936401963
