"B","M","beta0_m","beta1_m","beta2_m","beta0_se_m","beta1_se_m","beta2_se_m"
187,1,-2.42210305612925,-0.861536469000153,1.03308081392101,0.0596661061412101,0.0842253526150866,0.084228293191428
187,2,-2.42125275495026,-0.855318943917691,1.03435231749196,0.0597438997564695,0.0843837249714126,0.084582882017008
