"B","M","beta0_m","beta1_m","beta2_m","beta0_se_m","beta1_se_m","beta2_se_m"
57,1,-2.29914314454307,-0.28548932619972,0.975363412992566,0.0504822819396549,0.103504457462633,0.0794816327981514
57,2,-2.29821494386847,-0.277752373742546,0.976763334812153,0.0505407029109675,0.104374287723055,0.0796618407481005
