"B","M","beta0_m","beta1_m","beta2_m","beta0_se_m","beta1_se_m","beta2_se_m"
185,1,-2.40282837339113,-0.822047978004668,1.08250684671698,0.0621798439748148,0.0770657671294336,0.0767442783399846
185,2,-2.40376464387451,-0.823165255782434,1.0790326034275,0.0621600419506966,0.0768797670506684,0.0766825810463023
