"B","M","beta0_m","beta1_m","beta2_m","beta0_se_m","beta1_se_m","beta2_se_m"
33,1,-2.41147197114548,-0.918677900491868,0.941094294840971,0.0566276705901608,0.0767917999046415,0.0765791156022647
33,2,-2.41387934744133,-0.918536369823479,0.944065043512517,0.0568469209557077,0.0766829827971412,0.0768503754402821
