"B","M","beta0_m","beta1_m","beta2_m","beta0_se_m","beta1_se_m","beta2_se_m"
14,1,-2.24512516982554,-0.239987840539514,0.9708229422045,0.0504051593141502,0.108501539026548,0.0776458336361495
14,2,-2.24405456122303,-0.252599421392661,0.958666679965174,0.0505226439861098,0.108115036641454,0.0771997211694592
