"B","M","beta0_m","beta1_m","beta2_m","beta0_se_m","beta1_se_m","beta2_se_m"
35,1,-2.29502093848906,-0.468984819171669,1.04408958655093,0.0552990404382312,0.0983527012871224,0.0900211736619359
35,2,-2.29807136924248,-0.475032943035392,1.04732889062952,0.0553370196757293,0.0986641998915866,0.0895693242941293
