"B","M","beta0_m","beta1_m","beta2_m","beta0_se_m","beta1_se_m","beta2_se_m"
145,1,-2.21446898038233,-0.642149574041819,0.839109957943555,0.0567119595299385,0.116186480180689,0.0890419587947236
145,2,-2.21649230493212,-0.645826536636981,0.845330007096038,0.0567366808888283,0.116503319855697,0.0893292586197383
