"B","M","beta0_m","beta1_m","beta2_m","beta0_se_m","beta1_se_m","beta2_se_m"
114,1,-2.51500920785717,-0.86968358458488,1.12216824485397,0.0637369283619783,0.0805233010942393,0.0766916350768688
114,2,-2.51736030265582,-0.878416245019744,1.1145835227831,0.0638056905905858,0.0815885528966391,0.0781656653884304
