"B","M","beta0_m","beta1_m","beta2_m","beta0_se_m","beta1_se_m","beta2_se_m"
63,1,-2.37406381007906,-0.798829814159107,1.02144418501952,0.0574658176895651,0.0640628338714059,0.0683616317641369
63,2,-2.37390386029451,-0.799846821154393,1.02176874531276,0.0574630298062943,0.0641183568938824,0.0691898893497775
