"B","M","beta0_m","beta1_m","beta2_m","beta0_se_m","beta1_se_m","beta2_se_m"
103,1,-2.4258718571363,-0.928603480736175,0.950088429412671,0.0586718424226906,0.0739230255436661,0.0827486946962989
103,2,-2.42352017782345,-0.922495871313405,0.952912880751519,0.0587060275815208,0.0739856047021994,0.0823079260879606
