"B","M","beta0_m","beta1_m","beta2_m","beta0_se_m","beta1_se_m","beta2_se_m"
22,1,-2.53076927302194,-0.929034326290423,0.978131808597618,0.062481913606369,0.0727611898842375,0.0673946252775881
22,2,-2.53178281365812,-0.921424828590902,0.984976954032247,0.0625864007509228,0.0729789465884518,0.0671342224585391
