"B","M","beta0_m","beta1_m","beta2_m","beta0_se_m","beta1_se_m","beta2_se_m"
14,1,-2.43292088939866,-0.744146761664115,1.06445322020798,0.0556825849951258,0.0845532047034658,0.0703883728470575
14,2,-2.43160721097971,-0.750138813057265,1.05471893910415,0.0556502478232544,0.0848061148928878,0.0705028362221152
