"B","M","beta0_m","beta1_m","beta2_m","beta0_se_m","beta1_se_m","beta2_se_m"
36,1,-2.34137093201931,-0.884167549251888,0.946328770804824,0.0573539934343805,0.0737291830191743,0.0765448491593239
36,2,-2.33749714613316,-0.885144664958361,0.939114049731957,0.0574121042041011,0.0740806526176667,0.0761320881694429
