"B","M","beta0_m","beta1_m","beta2_m","beta0_se_m","beta1_se_m","beta2_se_m"
48,1,-2.25084436756652,-0.54503997558533,0.877364108304698,0.0541009243593059,0.0900907154890709,0.07779491430951
48,2,-2.24899156969857,-0.559619185854759,0.865618971875701,0.0542681635450227,0.0900593936369681,0.0775984325633515
