"B","M","beta0_m","beta1_m","beta2_m","beta0_se_m","beta1_se_m","beta2_se_m"
110,1,-2.47358461530422,-0.991738249758941,0.90366837477081,0.0638462781541319,0.0793118072092894,0.0724881221630264
110,2,-2.47660466173213,-0.99797834491545,0.898723737492257,0.0639363630946484,0.0784547157191614,0.0725258948366651
