"B","M","beta0_m","beta1_m","beta2_m","beta0_se_m","beta1_se_m","beta2_se_m"
47,1,-2.15588309148087,-0.468374843581437,0.8831746381231,0.050601471280812,0.0895886413350153,0.083271774351119
47,2,-2.15446478635335,-0.470620991013145,0.876944349398718,0.0504445603728588,0.0896023155000232,0.0828058661775302
