"B","M","beta0_m","beta1_m","beta2_m","beta0_se_m","beta1_se_m","beta2_se_m"
114,1,-2.26573565073819,-0.470598955713038,1.00711816247147,0.0535100292854939,0.109983288071196,0.0848413472902874
114,2,-2.27294423208591,-0.483137049406647,1.01836205990259,0.0538864697399637,0.110931788671456,0.086003499160231
