"B","M","beta0_m","beta1_m","beta2_m","beta0_se_m","beta1_se_m","beta2_se_m"
31,1,-2.15051928544042,-0.495713752924124,0.74678196779395,0.0470028669950701,0.0952682520736194,0.0826558435382923
31,2,-2.15138428483294,-0.497020509053285,0.747010691364445,0.0472487717565715,0.095154494842327,0.0820748890785822
