"B","M","beta0_m","beta1_m","beta2_m","beta0_se_m","beta1_se_m","beta2_se_m"
162,1,-2.25972789940456,-0.239544721838183,0.998280148997583,0.0558664126732051,0.0947515060634707,0.0852091685617728
162,2,-2.2585774113691,-0.226467681417372,1.00528641622009,0.0559468189414501,0.094696398660202,0.086147573403648
