"B","M","beta0_m","beta1_m","beta2_m","beta0_se_m","beta1_se_m","beta2_se_m"
160,1,-2.21214642933413,-0.423598699560331,0.819587180630029,0.0537411605579838,0.0979056475096978,0.0686386830507304
160,2,-2.21235622900246,-0.42826508673733,0.817411963303352,0.053626643805826,0.0982382673807731,0.0687111611384505
