"B","M","beta0_m","beta1_m","beta2_m","beta0_se_m","beta1_se_m","beta2_se_m"
171,1,-2.26683759837241,-0.223551575977473,1.17263322314085,0.059366676549426,0.091322466415749,0.0817542586903389
171,2,-2.2705733153189,-0.218116441484728,1.17444834394756,0.0594453906019688,0.0907221960120678,0.0804048671108695
