"B","M","beta0_m","beta1_m","beta2_m","beta0_se_m","beta1_se_m","beta2_se_m"
37,1,-2.38094457610454,-0.848889828359757,0.960173511106273,0.059672922546847,0.0749953696543625,0.0717991198867356
37,2,-2.38063465995977,-0.852679842182578,0.955236313172949,0.0594308081258545,0.0742603313457489,0.0714766367062075
