"B","M","beta0_m","beta1_m","beta2_m","beta0_se_m","beta1_se_m","beta2_se_m"
70,1,-2.16300118724552,-0.549330813986068,0.870298051911961,0.0485399446051539,0.102982807639499,0.0874356697051618
70,2,-2.16069425430779,-0.55330127318494,0.861473978676355,0.048204886545743,0.103197391022771,0.087724238940382
