"B","M","beta0_m","beta1_m","beta2_m","beta0_se_m","beta1_se_m","beta2_se_m"
32,1,-2.41529827391969,-0.435267675608651,0.885880523598889,0.057895751195236,0.0912070868744225,0.0773148503526368
32,2,-2.41721223121645,-0.430931618586688,0.901416536703574,0.0579505965196528,0.0924665577803944,0.0769047223525296
