"B","M","beta0_m","beta1_m","beta2_m","beta0_se_m","beta1_se_m","beta2_se_m"
64,1,-2.30159966983537,-0.754941434441798,0.88936185967542,0.0562081473844158,0.100703895841684,0.0928608215885487
64,2,-2.2984899183151,-0.755666333758916,0.875501671903701,0.0560714340864414,0.102160644788205,0.0922498120784196
