"B","M","beta0_m","beta1_m","beta2_m","beta0_se_m","beta1_se_m","beta2_se_m"
174,1,-2.51851107348,-0.878554601297381,1.05346331365047,0.0644956360078048,0.0877702841485467,0.0873307570602343
174,2,-2.51671650609894,-0.870419988919102,1.05757531378041,0.0641781211588421,0.0876708302018823,0.0876836534560953
