"B","M","beta0_m","beta1_m","beta2_m","beta0_se_m","beta1_se_m","beta2_se_m"
133,1,-2.48950361524855,-0.940231045658153,0.974150565110666,0.0577349289882071,0.0736158722457017,0.0746952210879803
133,2,-2.48727310920225,-0.944357595812823,0.968603997244401,0.0577104190247744,0.0740377501887492,0.0750045626117615
