"B","M","beta0_m","beta1_m","beta2_m","beta0_se_m","beta1_se_m","beta2_se_m"
164,1,-2.29222504248127,-0.637317715408621,0.819531410654387,0.0531460785797215,0.0817544370715851,0.0945390317564794
164,2,-2.29423392242034,-0.637155509923976,0.832304748130786,0.0531016416461637,0.0812284434771392,0.0932922585317407
