"B","M","beta0_m","beta1_m","beta2_m","beta0_se_m","beta1_se_m","beta2_se_m"
161,1,-2.53207601574011,-1.11031468528766,0.876110227417685,0.0603742986184287,0.0776335130369056,0.0782330450122597
161,2,-2.53209981416588,-1.10685711172353,0.883789576602877,0.0604722669294976,0.0776383494615357,0.0787627830114291
