"B","M","beta0_m","beta1_m","beta2_m","beta0_se_m","beta1_se_m","beta2_se_m"
189,1,-2.51331474649444,-0.851787392893826,1.10285732786333,0.054886898698997,0.0713327880434496,0.0790744746468224
189,2,-2.51683613848545,-0.854313392064153,1.10363491596859,0.0548579149602073,0.0716883141281122,0.0787141498338139
