"B","M","beta0_m","beta1_m","beta2_m","beta0_se_m","beta1_se_m","beta2_se_m"
73,1,-2.33468235399249,-0.892343418731013,0.986597399651114,0.0588743596071215,0.0653847563735908,0.0703079973078589
73,2,-2.33615993420386,-0.893326616609254,0.986642555172227,0.058877967674493,0.064988938093627,0.0698894375511325
