"B","M","beta0_m","beta1_m","beta2_m","beta0_se_m","beta1_se_m","beta2_se_m"
140,1,-2.52642031625211,-0.965998086839393,1.01160653233092,0.0625931945338295,0.0690428854008766,0.0801063340968941
140,2,-2.52904228960599,-0.96252113744407,1.0176542752208,0.0625721295104876,0.0681804333566432,0.079255376618165
