"B","M","beta0_m","beta1_m","beta2_m","beta0_se_m","beta1_se_m","beta2_se_m"
62,1,-2.19421282461825,-0.499336217409237,0.794863227867936,0.0524383661651887,0.107925859305344,0.0767090803958252
62,2,-2.19487592599436,-0.50026787862745,0.796760363015663,0.052424516238995,0.106634652912575,0.0774735867861162
