"B","M","beta0_m","beta1_m","beta2_m","beta0_se_m","beta1_se_m","beta2_se_m"
151,1,-2.58366750875008,-1.06475848733237,0.977080069458437,0.05916998268436,0.0778431999479808,0.0826065419057312
151,2,-2.58270242177613,-1.07404608434177,0.967011767594259,0.0590699954580825,0.0789842824190786,0.0839438922271992
