"B","M","beta0_m","beta1_m","beta2_m","beta0_se_m","beta1_se_m","beta2_se_m"
195,1,-2.4580488241057,-0.867111227862986,1.02952551983795,0.0556441451986189,0.0681084977970573,0.0750134662219377
195,2,-2.45515774768523,-0.866413752323531,1.02678860095025,0.0554252772848931,0.0679358981941942,0.0744183098679718
