"B","M","beta0_m","beta1_m","beta2_m","beta0_se_m","beta1_se_m","beta2_se_m"
135,1,-2.21040605610951,-0.323158181213194,0.85243442234101,0.0487419228308867,0.0937583447833166,0.072969779037537
135,2,-2.2086106728293,-0.31179978975094,0.853907878571671,0.0488615874749524,0.0937516156545957,0.0725819159935366
