"B","M","beta0_m","beta1_m","beta2_m","beta0_se_m","beta1_se_m","beta2_se_m"
125,1,-2.45257466716436,-0.883941105230679,0.976557514519066,0.0558506696674244,0.0755133219373742,0.0759886248587501
125,2,-2.4470560158709,-0.876513338233791,0.977505102707011,0.0558587232678142,0.0761262567539081,0.0767044626560845
