"B","M","beta0_m","beta1_m","beta2_m","beta0_se_m","beta1_se_m","beta2_se_m"
52,1,-2.52321987976598,-0.883137710362099,1.09875470667101,0.0583909012793932,0.0685205598145433,0.0692997646479833
52,2,-2.52884179489693,-0.879914146194484,1.10911184997541,0.0588222520078127,0.0686369509290947,0.0694824697178087
