"B","M","beta0_m","beta1_m","beta2_m","beta0_se_m","beta1_se_m","beta2_se_m"
197,1,-2.30967157161136,-0.52623186985191,1.04762929169691,0.0549832493588522,0.0997113255984751,0.0803756576648988
197,2,-2.30835819653149,-0.533389008708395,1.03484685736366,0.0547684256801484,0.0975972186470189,0.0802440555907385
