"B","M","beta0_m","beta1_m","beta2_m","beta0_se_m","beta1_se_m","beta2_se_m"
149,1,-2.28178996438448,-0.432449233759616,0.98343555481039,0.05035709198364,0.104827439282104,0.101435266957576
149,2,-2.27774047952322,-0.419295645208059,0.983625213779678,0.0502960118153585,0.105978184817595,0.102042893416702
