"B","M","beta0_m","beta1_m","beta2_m","beta0_se_m","beta1_se_m","beta2_se_m"
133,1,-2.23874901969341,-0.463223394681373,0.805722346100798,0.0485102297693228,0.104516924290365,0.0810373101428775
133,2,-2.23731398036997,-0.464376288684753,0.800903763197154,0.0482321722474285,0.104619408805882,0.0814939199529809
