"B","M","beta0_m","beta1_m","beta2_m","beta0_se_m","beta1_se_m","beta2_se_m"
166,1,-2.24546675285212,-0.462214250087575,0.83316002696092,0.0549075649602165,0.0888657804214225,0.0815656782170756
166,2,-2.24660205943948,-0.472034177712309,0.829365016864096,0.0548569757895124,0.0883823220765738,0.0816597561511131
