"B","M","beta0_m","beta1_m","beta2_m","beta0_se_m","beta1_se_m","beta2_se_m"
60,1,-2.29376608833646,-0.462801975404414,0.930965435283428,0.0553428173335192,0.112475777340184,0.0963330497431568
60,2,-2.29134740091474,-0.457742530183999,0.923922037545099,0.0553875320340203,0.111922543679416,0.0970829406968868
