"B","M","beta0_m","beta1_m","beta2_m","beta0_se_m","beta1_se_m","beta2_se_m"
185,1,-2.2153608349325,-0.40400787793797,1.01133785375582,0.0537911469015594,0.100430807777012,0.0776138499473156
185,2,-2.21656239658472,-0.417826507934262,0.999229195303801,0.0536771703921012,0.100265509628551,0.0778705443675869
