"B","M","beta0_m","beta1_m","beta2_m","beta0_se_m","beta1_se_m","beta2_se_m"
132,1,-2.54697997246637,-0.96019936702402,1.02938971664898,0.0631685324924016,0.0758775703087317,0.081440130275026
132,2,-2.54298096001641,-0.963439015007517,1.02391729686784,0.0630971325826301,0.0751858210325021,0.0814620961435887
