"B","M","beta0_m","beta1_m","beta2_m","beta0_se_m","beta1_se_m","beta2_se_m"
71,1,-2.55201201666492,-1.03721095253625,0.93774328333049,0.0658952913634716,0.0824243350523663,0.088569687872527
71,2,-2.54704485587305,-1.03292129964256,0.93351486470562,0.0657785616526487,0.082596541145278,0.0889609977205576
