"B","M","beta0_m","beta1_m","beta2_m","beta0_se_m","beta1_se_m","beta2_se_m"
160,1,-2.44785832183456,-0.964093330634432,0.907353969859412,0.0654998655532457,0.0809719810555059,0.0734068912890018
160,2,-2.45019910573819,-0.969918460689419,0.906434956030841,0.0654089676191949,0.0815680995619436,0.0728535919682731
