"B","M","beta0_m","beta1_m","beta2_m","beta0_se_m","beta1_se_m","beta2_se_m"
51,1,-2.11994742836814,-0.46055570595281,0.54622150245053,0.0443477258530719,0.10099429053635,0.0841175162333828
51,2,-2.12212708231736,-0.473492481716961,0.546452683627158,0.0444715452131829,0.10029884926299,0.0834428711944575
