"B","M","beta0_m","beta1_m","beta2_m","beta0_se_m","beta1_se_m","beta2_se_m"
155,1,-2.22512127897475,-0.572283087065614,0.932843232541586,0.0470145524110011,0.10192184620565,0.0772856533782028
155,2,-2.22846494386575,-0.593453220056615,0.93399483427419,0.04725961081671,0.101883889117556,0.0770183826868411
