"B","M","beta0_m","beta1_m","beta2_m","beta0_se_m","beta1_se_m","beta2_se_m"
81,1,-2.4049342769761,-0.900712854629833,0.958322397507884,0.0623347112654288,0.0713215460782078,0.0726679008167226
81,2,-2.40285107199598,-0.899295629036828,0.955325259802408,0.0622198310293997,0.0706776222503236,0.0720569674789538
