"B","M","beta0_m","beta1_m","beta2_m","beta0_se_m","beta1_se_m","beta2_se_m"
101,1,-2.47671992713505,-0.843121934733646,1.1450999076137,0.0628868061770387,0.0712925262411753,0.0780099829678493
101,2,-2.47505647123349,-0.842240775904007,1.14578429138855,0.0627767063849206,0.0715737882519578,0.0781111843448301
