"B","M","beta0_m","beta1_m","beta2_m","beta0_se_m","beta1_se_m","beta2_se_m"
79,1,-2.27986437731294,-0.665038388072515,0.759858247950551,0.0523244220831221,0.111341880120945,0.0888094571125038
79,2,-2.27565982638067,-0.664257746368532,0.746669268593538,0.0519640298352381,0.111442545975204,0.087472808687736
