"B","M","beta0_m","beta1_m","beta2_m","beta0_se_m","beta1_se_m","beta2_se_m"
189,1,-2.31522513833453,-0.537975309639932,1.00885713035555,0.0486618989369508,0.0937466695363119,0.0860078535419633
189,2,-2.31718508911889,-0.540308246351109,1.00928066798854,0.0488510842799936,0.0935000462294312,0.0856692845714375
