"B","M","beta0_m","beta1_m","beta2_m","beta0_se_m","beta1_se_m","beta2_se_m"
147,1,-2.48857760099135,-0.934532911993868,1.04787679320566,0.060873670641304,0.0744757460458201,0.0718591998460626
147,2,-2.49098309742891,-0.931374753872686,1.05215551962102,0.0608977346999314,0.0747310267507302,0.0719174499170998
