"B","M","beta0_m","beta1_m","beta2_m","beta0_se_m","beta1_se_m","beta2_se_m"
106,1,-2.72481689423,-1.03113415014961,1.1204715170163,0.0633693133803168,0.0753915635934425,0.08112828929772
106,2,-2.72670874309163,-1.03940200309054,1.11622202298975,0.063674657053403,0.0754851578793239,0.0811467263548777
