"B","M","beta0_m","beta1_m","beta2_m","beta0_se_m","beta1_se_m","beta2_se_m"
8,1,-2.39178524951157,-0.528920314232237,1.16618684703584,0.0580742648693353,0.0954503232989374,0.0907462982641616
8,2,-2.39466248798763,-0.524218937678716,1.16777607536233,0.0582385098638041,0.0953634750018949,0.0910046480267928
