"B","M","beta0_m","beta1_m","beta2_m","beta0_se_m","beta1_se_m","beta2_se_m"
31,1,-2.44033831685956,-0.984914243991464,0.893440405422642,0.0582464803797955,0.0694439761912363,0.0729561735202387
31,2,-2.44040052038881,-0.983674746935302,0.893291382650416,0.0587013967442166,0.0697283573851924,0.0728945390153662
