"B","M","beta0_m","beta1_m","beta2_m","beta0_se_m","beta1_se_m","beta2_se_m"
188,1,-2.26977004807009,-0.544084290680087,0.993790628929768,0.0526571270477485,0.103623683962576,0.084416513913224
188,2,-2.26878451617406,-0.536905598174125,0.994763537385596,0.0525414184501884,0.103906673906427,0.0837222583737331
