"B","M","beta0_m","beta1_m","beta2_m","beta0_se_m","beta1_se_m","beta2_se_m"
144,1,-2.27649134824432,-0.626924542697305,0.908993614889746,0.0546999720256246,0.0973873293033818,0.0951085690331987
144,2,-2.27753979032738,-0.622758861510824,0.91656419141802,0.0547413535763421,0.0973170333809958,0.0959529171554777
