"B","M","beta0_m","beta1_m","beta2_m","beta0_se_m","beta1_se_m","beta2_se_m"
141,1,-2.29883184361687,-0.50317559693897,0.88789390696145,0.0523185898757577,0.110443104772125,0.0850856136424753
141,2,-2.29835476344053,-0.511007914210579,0.87659353857719,0.0521333482388579,0.110419824659274,0.0860419113870262
