"B","M","beta0_m","beta1_m","beta2_m","beta0_se_m","beta1_se_m","beta2_se_m"
154,1,-2.17395405444553,-0.655486408088465,0.867987254943545,0.0486592554960725,0.0983343731276255,0.07988027270057
154,2,-2.16914603874139,-0.644880818814062,0.864122029826238,0.0485829833498189,0.0982465083136222,0.079545217886972
