"B","M","beta0_m","beta1_m","beta2_m","beta0_se_m","beta1_se_m","beta2_se_m"
29,1,-2.22625139211574,-0.590320083427692,0.716674398742888,0.0535842775939489,0.105492174339364,0.0743187325643258
29,2,-2.2256494050844,-0.580395751138173,0.725052309997916,0.0534624239065847,0.106322415858321,0.0756412807817808
