"B","M","beta0_m","beta1_m","beta2_m","beta0_se_m","beta1_se_m","beta2_se_m"
120,1,-2.23041677099398,-0.392889612896514,0.939188164256713,0.0497163071167516,0.0898916762471347,0.0721287508819451
120,2,-2.23067812050416,-0.378655203879545,0.946968443127362,0.0496014213574824,0.0892303096826623,0.0724131482477131
