"B","M","beta0_m","beta1_m","beta2_m","beta0_se_m","beta1_se_m","beta2_se_m"
186,1,-2.42435275411795,-0.948153222938338,1.0179137480386,0.0526286305440847,0.0708400082948552,0.0680585752681677
186,2,-2.42125077191427,-0.944091818334157,1.01632513401324,0.0522990094131679,0.0707909997568515,0.0683078858455459
