"B","M","beta0_m","beta1_m","beta2_m","beta0_se_m","beta1_se_m","beta2_se_m"
75,1,-2.32840943802029,-0.514497652185067,0.946884807466663,0.0556539143029512,0.115022478599841,0.0843286145481908
75,2,-2.32460896962141,-0.513272777329228,0.934092138379813,0.0556244667049181,0.115680075333507,0.0842310578453865
