"B","M","beta0_m","beta1_m","beta2_m","beta0_se_m","beta1_se_m","beta2_se_m"
150,1,-2.54491943598493,-1.02676997640169,0.959690436045707,0.062226426136546,0.0768544775847172,0.0761347737431902
150,2,-2.5453752859165,-1.03180966888185,0.956284654938166,0.0621237250655471,0.077483446909068,0.0766975353782707
