"B","M","beta0_m","beta1_m","beta2_m","beta0_se_m","beta1_se_m","beta2_se_m"
102,1,-2.23943822033408,-0.552556708419051,0.730984206810069,0.0501030655611383,0.0945676000947848,0.0871827293298718
102,2,-2.23855746682649,-0.532548678675616,0.741681098581056,0.0501034400491266,0.0948888871838327,0.0873720563645154
