"B","M","beta0_m","beta1_m","beta2_m","beta0_se_m","beta1_se_m","beta2_se_m"
26,1,-2.1489349509888,-0.392006081314958,0.869346197001522,0.0471576525750994,0.102469997066624,0.0787813435226241
26,2,-2.14961320156479,-0.3957652815042,0.87187521901437,0.0469742518722595,0.103159059694721,0.0789468517612237
