"B","M","beta0_m","beta1_m","beta2_m","beta0_se_m","beta1_se_m","beta2_se_m"
97,1,-2.45475261879847,-0.966263174370279,0.993538787508387,0.0559714953320838,0.068685876587567,0.0748974191451873
97,2,-2.45630565996048,-0.973424694561245,0.986564949765347,0.0561567506804921,0.0692514762910311,0.0747834515862694
