"B","M","beta0_m","beta1_m","beta2_m","beta0_se_m","beta1_se_m","beta2_se_m"
176,1,-2.25210910530439,-0.596279343443625,0.998365812290359,0.0537924523466678,0.0982161863722863,0.0882724807996489
176,2,-2.25051229609792,-0.590809277449859,1.00102151517358,0.0539954712228756,0.0969255351779704,0.0888645294823969
