"B","M","beta0_m","beta1_m","beta2_m","beta0_se_m","beta1_se_m","beta2_se_m"
32,1,-2.5347136642963,-0.889877527860038,1.0179997827417,0.0616902858966411,0.0679975041413656,0.0737026429641261
32,2,-2.53591850761879,-0.890103724660796,1.02237698637244,0.0616447694489034,0.0683183419967693,0.0733878283623705
