"B","M","beta0_m","beta1_m","beta2_m","beta0_se_m","beta1_se_m","beta2_se_m"
193,1,-2.19310578383282,-0.552874970837511,0.900995246022796,0.0486005650089819,0.0991593250732935,0.074517295601877
193,2,-2.19391399116991,-0.54385029438406,0.912263045407262,0.0485297027490436,0.0981788996027591,0.0749623879829008
