"B","M","beta0_m","beta1_m","beta2_m","beta0_se_m","beta1_se_m","beta2_se_m"
2,1,-2.50848758167186,-0.908117690724267,0.987729171198733,0.0568339479895007,0.0672256205214119,0.0702294284639167
2,2,-2.50612758169769,-0.913260657879367,0.97654205440664,0.0565503272703127,0.0678669846668512,0.0700704677409276
