"B","M","beta0_m","beta1_m","beta2_m","beta0_se_m","beta1_se_m","beta2_se_m"
97,1,-2.22077488935974,-0.735876054014731,0.834729507956009,0.0506025862927643,0.0910376156452844,0.0905513014570594
97,2,-2.22131214382824,-0.743363546978586,0.828847603984503,0.0507900853795653,0.0907113123804311,0.0904162311613498
