"B","M","beta0_m","beta1_m","beta2_m","beta0_se_m","beta1_se_m","beta2_se_m"
119,1,-2.22356059200512,-0.62852842139853,0.891605302754209,0.049183738615247,0.0838501480686527,0.073447992666424
119,2,-2.22170069789052,-0.636527698091239,0.880629613232975,0.0494138141078681,0.0833540623820646,0.0738139915950512
