"B","M","beta0_m","beta1_m","beta2_m","beta0_se_m","beta1_se_m","beta2_se_m"
42,1,-2.19978467616226,-0.57073740753316,0.84457061389811,0.0503662374103811,0.100162407507481,0.0885712500811891
42,2,-2.19967820048138,-0.571437315783119,0.845351614215257,0.0501281895065818,0.100463372670567,0.0880276323836725
