"B","M","beta0_m","beta1_m","beta2_m","beta0_se_m","beta1_se_m","beta2_se_m"
82,1,-2.20801919976556,-0.547021174863273,0.633318006169669,0.0524242499292308,0.110776068033745,0.0884222062046224
82,2,-2.20880615631401,-0.547841103962535,0.635603702201774,0.0523281689909271,0.110807008166459,0.0889180632406539
