"B","M","beta0_m","beta1_m","beta2_m","beta0_se_m","beta1_se_m","beta2_se_m"
112,1,-2.10452882307376,-0.342543893672724,0.802698014950935,0.0485000855676836,0.0988675620773165,0.0902259527841346
112,2,-2.10586812598389,-0.333163933865091,0.81329055566241,0.0485601021757711,0.100246090567756,0.0898725856017365
