"B","M","beta0_m","beta1_m","beta2_m","beta0_se_m","beta1_se_m","beta2_se_m"
131,1,-2.16454776866997,-0.493903579978982,0.762188621469952,0.0471053344559898,0.0999071854972186,0.07953537488256
131,2,-2.16415763267031,-0.496344601631242,0.760214792785596,0.0469309464430114,0.0994510619435388,0.078327482508173
