"B","M","beta0_m","beta1_m","beta2_m","beta0_se_m","beta1_se_m","beta2_se_m"
111,1,-2.45765244632827,-0.840421814776159,1.01033927278754,0.0534432637693853,0.0765677377938199,0.0811339454512152
111,2,-2.45810926161008,-0.843459800337869,1.01105867828935,0.0532256385207664,0.0759301806990589,0.0806960961175571
