"B","M","beta0_m","beta1_m","beta2_m","beta0_se_m","beta1_se_m","beta2_se_m"
200,1,-2.1417234870525,-0.288348456875564,0.989329817090862,0.0532702794031014,0.100889451333988,0.0937926200388236
200,2,-2.1406055773663,-0.279068686525489,0.987617071244134,0.0531837478125632,0.100798475134752,0.094404693857224
