"B","M","beta0_m","beta1_m","beta2_m","beta0_se_m","beta1_se_m","beta2_se_m"
118,1,-2.28337653852284,-0.560423827368597,0.859340183079907,0.0494102402756175,0.115791679863462,0.0864631604365883
118,2,-2.28490575855608,-0.562641873947312,0.858630793087481,0.0497251261336852,0.114754372645851,0.0859119980380492
