"B","M","beta0_m","beta1_m","beta2_m","beta0_se_m","beta1_se_m","beta2_se_m"
91,1,-2.70652990776833,-0.868539753390029,1.1946235112838,0.0672268133909283,0.0770998104300125,0.0809559648748114
91,2,-2.71177057393455,-0.870088896301819,1.20060733478899,0.0670215367281971,0.0782423788682021,0.0813096519539711
