"B","M","beta0_m","beta1_m","beta2_m","beta0_se_m","beta1_se_m","beta2_se_m"
70,1,-2.35291489047907,-0.900010501975738,0.939766270470341,0.0534818623419841,0.0779163827824736,0.0816811505420016
70,2,-2.35385512059172,-0.908814746807795,0.93383262260838,0.0535384383782625,0.0778083558406739,0.0812576541348787
