"B","M","beta0_m","beta1_m","beta2_m","beta0_se_m","beta1_se_m","beta2_se_m"
92,1,-2.47331852814391,-0.814729916912471,1.08618931696913,0.0622889567035302,0.0737192488251027,0.0758838255568275
92,2,-2.46905441966408,-0.816553300386842,1.08089868412856,0.0625058655080165,0.074684522494867,0.0768176811654887
