"B","M","beta0_m","beta1_m","beta2_m","beta0_se_m","beta1_se_m","beta2_se_m"
17,1,-2.49714349263602,-0.749436722201451,1.20855270922036,0.0568112446219329,0.0765988121756941,0.0814124599748255
17,2,-2.49743182486339,-0.744355059705585,1.21463906898841,0.0565917687966336,0.0770179308922982,0.0820542348870953
