"B","M","beta0_m","beta1_m","beta2_m","beta0_se_m","beta1_se_m","beta2_se_m"
94,1,-2.42959596457408,-0.855778662408122,1.00765883461544,0.0633363667431036,0.0798465879330479,0.0832961581936112
94,2,-2.4297151336939,-0.865394612045779,0.996256208908746,0.0635049544345169,0.0800697346097018,0.0836119507162491
