"B","M","beta0_m","beta1_m","beta2_m","beta0_se_m","beta1_se_m","beta2_se_m"
169,1,-2.23796520079357,-0.494967175657332,0.826889903531414,0.053398488755892,0.0971052034567965,0.0830751866797675
169,2,-2.2347973637678,-0.491409561456783,0.819271929279748,0.0534373593365101,0.0968128278994147,0.0821193119031702
