"B","M","beta0_m","beta1_m","beta2_m","beta0_se_m","beta1_se_m","beta2_se_m"
140,1,-2.24371328805991,-0.537428742782035,0.778322027130808,0.0523370649823031,0.104613762439554,0.0880127267826205
140,2,-2.24529159137821,-0.533094323500473,0.784640862781797,0.0524930527923801,0.104495276626915,0.0872780957174966
