"B","M","beta0_m","beta1_m","beta2_m","beta0_se_m","beta1_se_m","beta2_se_m"
143,1,-2.29193556625675,-0.456082418983563,0.903840218053958,0.0535105021657282,0.0972579751236728,0.0868465522750367
143,2,-2.29048120232724,-0.465702634249747,0.897487030259435,0.0536365980533386,0.0968159404076376,0.0875721581280628
