"B","M","beta0_m","beta1_m","beta2_m","beta0_se_m","beta1_se_m","beta2_se_m"
64,1,-2.56582148541206,-1.0001260461775,1.05118336883447,0.0678909748624285,0.073433102546939,0.0820640556047194
64,2,-2.56385510736408,-1.0048991291461,1.04205007029451,0.067975613629179,0.0735103205171876,0.0818996827490377
