"B","M","beta0_m","beta1_m","beta2_m","beta0_se_m","beta1_se_m","beta2_se_m"
147,1,-2.25566204862822,-0.578943970905387,0.926417348319055,0.0536730070102266,0.098951793072188,0.0786986661369102
147,2,-2.25764716871917,-0.581864903781164,0.928020658462771,0.0540584463054291,0.0995417503884168,0.0786752570438301
