"B","M","beta0_m","beta1_m","beta2_m","beta0_se_m","beta1_se_m","beta2_se_m"
56,1,-2.4399403584701,-0.815979751954955,1.08307422784971,0.0623992226840374,0.0662605024338851,0.0730721364277246
56,2,-2.44161184827402,-0.812403524744427,1.08985681616634,0.0627359284254163,0.0661865717977075,0.0733226970390326
