"B","M","beta0_m","beta1_m","beta2_m","beta0_se_m","beta1_se_m","beta2_se_m"
18,1,-2.2814004590045,-0.523879812915661,0.884594758857208,0.0501200374170909,0.0926933359610197,0.0913819462997141
18,2,-2.27830003818002,-0.502373198789976,0.888144686639355,0.0501452565001065,0.0931025896806343,0.0911326136442312
