"B","M","beta0_m","beta1_m","beta2_m","beta0_se_m","beta1_se_m","beta2_se_m"
122,1,-2.42622041950572,-0.6711055253978,1.18685204446981,0.0589707964229602,0.072419952955559,0.074971405031163
122,2,-2.42399741532754,-0.670046414509136,1.18466744493295,0.0589160374906777,0.0716054974920717,0.0756033963363738
