"B","M","beta0_m","beta1_m","beta2_m","beta0_se_m","beta1_se_m","beta2_se_m"
101,1,-2.24831492977532,-0.558532233339433,1.04571683808242,0.0560422331669416,0.0915770632996402,0.0761518483420957
101,2,-2.24634194811822,-0.551301437206453,1.04924730816354,0.0559077435347703,0.0916381543769802,0.076528094744599
