"B","M","beta0_m","beta1_m","beta2_m","beta0_se_m","beta1_se_m","beta2_se_m"
105,1,-2.49381977161467,-0.912389998240501,1.01685966980711,0.0578035349536939,0.0705704769654996,0.0802486138720234
105,2,-2.49309998142192,-0.916268470468349,1.01347923670514,0.0577186991618188,0.0708810000890018,0.0804746368571522
