"B","M","beta0_m","beta1_m","beta2_m","beta0_se_m","beta1_se_m","beta2_se_m"
11,1,-2.16102965854272,-0.480609149973593,0.84801583808132,0.0512750470331513,0.100317181988687,0.0690596199387178
11,2,-2.16230306874876,-0.494284654726087,0.844887273128283,0.051144192589874,0.10028873744585,0.0690732518923752
