"B","M","beta0_m","beta1_m","beta2_m","beta0_se_m","beta1_se_m","beta2_se_m"
163,1,-2.29030135181758,-0.716663360149266,0.843110145931049,0.0545686135053911,0.0920737878817962,0.0898182071995872
163,2,-2.28806877257995,-0.712829405310733,0.842733017312402,0.0545288966869062,0.0927588681110491,0.0901347622650093
