"B","M","beta0_m","beta1_m","beta2_m","beta0_se_m","beta1_se_m","beta2_se_m"
193,1,-2.39271239459188,-0.811674352640316,1.06774164653345,0.0569546759816528,0.0687145012676038,0.0705075241026747
193,2,-2.39332893396165,-0.809044784168235,1.07237393965256,0.0570547807914545,0.0683272349108514,0.0706925286167209
