"B","M","beta0_m","beta1_m","beta2_m","beta0_se_m","beta1_se_m","beta2_se_m"
194,1,-2.16061240319183,-0.662117306214822,0.873871080875023,0.0469959951174638,0.0906033733066281,0.0660084999996728
194,2,-2.1624018420445,-0.66436646032291,0.875224656492527,0.0472566806925615,0.0916579382251938,0.0662226897492979
