"B","M","beta0_m","beta1_m","beta2_m","beta0_se_m","beta1_se_m","beta2_se_m"
108,1,-2.49871547895192,-0.956538595936986,0.982692006256683,0.05902618313737,0.0779861834402455,0.0849695525043219
108,2,-2.50049071956654,-0.957566937233865,0.984326454767965,0.0591997264816995,0.0780724999704592,0.0851579882565317
