"B","M","beta0_m","beta1_m","beta2_m","beta0_se_m","beta1_se_m","beta2_se_m"
46,1,-2.26491959457665,-0.546996431853068,0.829288759935599,0.0498427675159324,0.0949453470487376,0.0883536698718829
46,2,-2.26467699446408,-0.554398746524176,0.821370692387073,0.0495629658364097,0.0956235583693841,0.0877751443359578
