"B","M","beta0_m","beta1_m","beta2_m","beta0_se_m","beta1_se_m","beta2_se_m"
174,1,-2.30576806690823,-0.400310599368732,0.903169248806279,0.0543324383099438,0.118165131162367,0.0900400506145297
174,2,-2.30555370708267,-0.384005765615226,0.912359963440946,0.0543708385286813,0.118293068730587,0.0905126395070703
