"B","M","beta0_m","beta1_m","beta2_m","beta0_se_m","beta1_se_m","beta2_se_m"
40,1,-2.36656362868163,-0.906751689159216,0.981162578335612,0.0621794771346939,0.071777460420049,0.0684706980839923
40,2,-2.36319176943557,-0.902275622274142,0.978961900276479,0.0621821778953036,0.0721668173186594,0.0685845107269196
