"B","M","beta0_m","beta1_m","beta2_m","beta0_se_m","beta1_se_m","beta2_se_m"
79,1,-2.4478673742171,-1.04789368496842,0.82831120532503,0.0590356828759591,0.0679292339483124,0.0737875948296238
79,2,-2.44353584839641,-1.05292890917544,0.817410091159391,0.0588342123472638,0.0678914267785131,0.0736836949504451
