"B","M","beta0_m","beta1_m","beta2_m","beta0_se_m","beta1_se_m","beta2_se_m"
5,1,-2.25859856586357,-0.581111463716091,0.725643373819024,0.0531304298544224,0.1141012303446,0.0852213442640793
5,2,-2.25568992977926,-0.590905735369105,0.710436167289516,0.0530683886614284,0.113089719377208,0.0851175419595501
