"B","M","beta0_m","beta1_m","beta2_m","beta0_se_m","beta1_se_m","beta2_se_m"
54,1,-2.29098151845573,-0.473663076752408,0.896477884836299,0.0522547355761238,0.105122529048756,0.0934070266250471
54,2,-2.28772853662702,-0.486170424008787,0.877970431146788,0.0519482275232076,0.105651654068505,0.0943821378556947
