"B","M","beta0_m","beta1_m","beta2_m","beta0_se_m","beta1_se_m","beta2_se_m"
86,1,-2.48372716910898,-0.812018747521603,1.12583921972022,0.0536029720305787,0.0691501409044799,0.0775397038229807
86,2,-2.48433238971379,-0.818875993448209,1.12158772812814,0.0538494203683108,0.0687763365974591,0.0774767498048829
