"B","M","beta0_m","beta1_m","beta2_m","beta0_se_m","beta1_se_m","beta2_se_m"
41,1,-2.48043526279195,-0.959694663507937,1.00065665978884,0.0631071907336113,0.0815774471271648,0.0825760603669813
41,2,-2.48215281625328,-0.956062243686224,1.0020748573913,0.0631944252140725,0.0818946679419964,0.0823196439596355
