"B","M","beta0_m","beta1_m","beta2_m","beta0_se_m","beta1_se_m","beta2_se_m"
175,1,-2.47334946588389,-0.957797819990835,0.942286947421113,0.0588238179408467,0.064951477713215,0.0648657457173118
175,2,-2.47245619122404,-0.956392106931495,0.943073067236235,0.0586400838227788,0.0644932154480492,0.0647022662910422
