"B","M","beta0_m","beta1_m","beta2_m","beta0_se_m","beta1_se_m","beta2_se_m"
152,1,-2.26562204171696,-0.680709847016569,0.863468400812593,0.0499203685178358,0.102145052404094,0.0856866793596931
152,2,-2.26695037825032,-0.699216200242249,0.859576189475971,0.0499151635655271,0.102036061375456,0.0848801765252668
