"B","M","beta0_m","beta1_m","beta2_m","beta0_se_m","beta1_se_m","beta2_se_m"
35,1,-2.48703543722606,-0.888634980566283,1.07780444345715,0.0638665696025159,0.0749663503569844,0.0896008993822246
35,2,-2.48971849953238,-0.887788940704189,1.08132001961222,0.0637278180990187,0.0748191071126453,0.0888147092918595
