"B","M","beta0_m","beta1_m","beta2_m","beta0_se_m","beta1_se_m","beta2_se_m"
107,1,-2.22892734971527,-0.561770502328516,0.900778992857754,0.0540202066377693,0.107687566277467,0.0828840058233195
107,2,-2.23283288953459,-0.569657513515212,0.906767906564366,0.0542473974987886,0.108532778676411,0.0824163633710779
