"B","M","beta0_m","beta1_m","beta2_m","beta0_se_m","beta1_se_m","beta2_se_m"
84,1,-2.44035921300029,-0.864381455004616,1.09610508138473,0.0588503540740656,0.0758267881401969,0.076556182146426
84,2,-2.43925471189834,-0.863559774311064,1.09712856172301,0.0589801029151246,0.0750339506870325,0.0764725663345498
