"B","M","beta0_m","beta1_m","beta2_m","beta0_se_m","beta1_se_m","beta2_se_m"
80,1,-2.58612447181759,-0.896796982922767,1.14892420868519,0.0655067205831482,0.0750353378033254,0.0742924931770243
80,2,-2.58757230578236,-0.896356172210814,1.14847491836933,0.0655782542716721,0.0746795691630181,0.0741501236538099
