"B","M","beta0_m","beta1_m","beta2_m","beta0_se_m","beta1_se_m","beta2_se_m"
1,1,-2.43642061208383,-0.893169211304233,0.978153742608559,0.0603967791902078,0.0726340682972251,0.0707033689202612
1,2,-2.43815997069294,-0.890251528961436,0.985274296837008,0.0604486196647298,0.0731411751410381,0.0715138967799957
