"B","M","beta0_m","beta1_m","beta2_m","beta0_se_m","beta1_se_m","beta2_se_m"
4,1,-2.31571450914012,-0.566354962814847,0.887906638612382,0.0518986657592366,0.096300832891194,0.0876536483974662
4,2,-2.31344539195512,-0.550058513686544,0.890165689110749,0.0520449056623502,0.0964576465027419,0.0882890311685598
