"B","M","beta0_m","beta1_m","beta2_m","beta0_se_m","beta1_se_m","beta2_se_m"
99,1,-2.5908198164307,-0.877782844872149,1.08783567175718,0.0572745718534323,0.0750334033786191,0.0721195178496894
99,2,-2.59045591847911,-0.880580963376355,1.08400532504871,0.0573849229607831,0.0737457275079677,0.0709886624486626
