"B","M","beta0_m","beta1_m","beta2_m","beta0_se_m","beta1_se_m","beta2_se_m"
67,1,-2.48596696787122,-0.958445937289407,0.971249065123592,0.0601174879282593,0.0861045537051161,0.0931096254097586
67,2,-2.4872911102304,-0.955103950598257,0.976050463431188,0.06023133691214,0.0854698447876837,0.0923021279375993
