"B","M","beta0_m","beta1_m","beta2_m","beta0_se_m","beta1_se_m","beta2_se_m"
72,1,-2.26470901017895,-0.56411905690916,0.925273723163379,0.0555740159462731,0.101597301694579,0.0762434280630957
72,2,-2.26443358001832,-0.566202563204286,0.925773637940008,0.0557223582162094,0.0999317391457926,0.0762880853962139
