"B","M","beta0_m","beta1_m","beta2_m","beta0_se_m","beta1_se_m","beta2_se_m"
118,1,-2.57153703504229,-0.9258244657323,1.06523039569435,0.0582294758795529,0.0826764740002026,0.0842694913175593
118,2,-2.56898317152485,-0.923359656000898,1.0621610594757,0.0579369188280871,0.082594657846376,0.0841298494386311
