"B","M","beta0_m","beta1_m","beta2_m","beta0_se_m","beta1_se_m","beta2_se_m"
183,1,-2.56720685929704,-0.918951899769298,1.12599253493022,0.0599009444400169,0.0706944126708804,0.0809147502214917
183,2,-2.56684872142857,-0.918028835784775,1.12679113437916,0.0596608548978515,0.0703398126462421,0.0796121068118679
