"B","M","beta0_m","beta1_m","beta2_m","beta0_se_m","beta1_se_m","beta2_se_m"
95,1,-2.24609531908257,-0.648130871878574,0.872524009973606,0.0518908270091954,0.094962638349531,0.0757089880645292
95,2,-2.2438676491887,-0.641650280932926,0.870650825709642,0.0517791186875822,0.0948186739572477,0.0762225421730974
