"B","M","beta0_m","beta1_m","beta2_m","beta0_se_m","beta1_se_m","beta2_se_m"
72,1,-2.49930314043521,-0.828553553414084,1.12891858104531,0.064191490514351,0.0734117696963928,0.0709755378405685
72,2,-2.49825526541296,-0.825645498697384,1.13112319256268,0.0642326553298441,0.0731076846952076,0.0704586581648493
