"B","M","beta0_m","beta1_m","beta2_m","beta0_se_m","beta1_se_m","beta2_se_m"
20,1,-2.50081797676505,-0.82319685004333,1.09227316861071,0.0629768089072814,0.0737583966823377,0.0738605349243709
20,2,-2.50078094527462,-0.828248384881376,1.0874210363285,0.0627738087015031,0.0744078750918208,0.0738820317130411
