"B","M","beta0_m","beta1_m","beta2_m","beta0_se_m","beta1_se_m","beta2_se_m"
191,1,-2.18870761978485,-0.287594233117762,0.874181651091264,0.0490517815161804,0.0840101034169957,0.0708701849116105
191,2,-2.19149771554453,-0.298763918028478,0.878609145480562,0.0490450142331782,0.0835146473456557,0.0711462295374122
