"B","M","beta0_m","beta1_m","beta2_m","beta0_se_m","beta1_se_m","beta2_se_m"
95,1,-2.44179446226256,-0.998423485443228,0.921869248159218,0.0560917896818538,0.0706542201682022,0.0709619566321291
95,2,-2.44122167788212,-0.994327616449223,0.923808454284373,0.0560194393272006,0.0708476113203441,0.0715313564566976
