"B","M","beta0_m","beta1_m","beta2_m","beta0_se_m","beta1_se_m","beta2_se_m"
120,1,-2.44550254032657,-0.895471176657143,0.984515972540201,0.0547026979365553,0.0741636404687919,0.0695862052180373
120,2,-2.44525223084057,-0.887455927883912,0.991386673540451,0.0546494816467156,0.0744732117173994,0.0701137743662896
