"B","M","beta0_m","beta1_m","beta2_m","beta0_se_m","beta1_se_m","beta2_se_m"
74,1,-2.49142484472791,-0.948864611977685,0.914861761861914,0.0623056078172291,0.0923399280071045,0.096019729508908
74,2,-2.49417149191316,-0.950792386579512,0.914629392658435,0.0623870077738127,0.0922292847534943,0.0955076041688082
