"variable","est_rr","se_rr","comp_sec"
"beta0",-2.47181729754034,0.0603998360880754,309.044327020645
"beta1",-0.909400041983531,0.0748691146734489,309.044327020645
"beta2",1.0092679555917,0.0781003376366729,309.044327020645
