"variable","est_rr","se_rr","comp_sec"
"beta0",-2.24513700140278,0.0523557945744112,377.444592952728
"beta1",-0.512348326439663,0.101504432768159,377.444592952728
"beta2",0.877801173836542,0.0845079017480494,377.444592952728
